"task_id","task_name","row_id","row_number","comment_type","comment_content","v1_quality_score","v1_quality_level","v1_quality_reason","v1_emotion_score","v1_emotion_type","expected_quality_level","expected_quality_score_band","expected_emotion_type","error_type","label_reason"
"SddBOxS0nP","template (5)","7efLslGYZ0","6","段评","爽","85","好","精炼有力，单字‘爽’高度凝练地传达了强烈的正向情绪和阅读快感，符合段评即时反馈特性，互动价值高，表达完整且有感染力","95","正向","","","","",""
"SddBOxS0nP","template (5)","Ma7fUV6EUQ","301","段评","哈哈","75","中","精炼有效，符合段评场景中对轻松幽默情节的即时正向反馈，'哈哈'准确传达了阅读时的发笑情绪，虽简短但互动意图明确、无灌水感。","90","正向","","","","",""
"SddBOxS0nP","template (5)","EwI8U_rrz7","1161","段评","来了","75","中","精炼有效，虽仅两字但明确传达读者即时到场、开启阅读的互动信号，符合段评场景中常见的轻量确认式反馈，具备清晰语境指向和自然情绪响应。","85","正向","","","","",""
"SddBOxS0nP","template (5)","R8eEVeyZ2l","132","段评","快","75","中","精炼有效，'快'字准确传达读者对情节推进、节奏或角色行动的即时期待或催促感，符合段评短平快特性，具备明确互动意图和上下文响应性。","85","正向","","","","",""
"SddBOxS0nP","template (5)","ilisFmMEUD","1536","段评","牛逼","85","好","精炼有力，高度凝练地表达了强烈认可与赞叹，符合段评即时反应特征，情绪饱满且互动意图明确，无冗余信息。","95","正向","","","","",""
"SddBOxS0nP","template (5)","y9rqRG8cka","2","段评","仙帝？简直是一个笑话","78","中","评论精炼有力，用反问+否定句式表达强烈质疑，准确针对原文‘仙帝’设定提出价值判断，具备明确观点和情绪张力，符合段评即时反应特征；虽短但信息完整，非水评，互动价值高。","25","负向","","","","",""
"SddBOxS0nP","template (5)","zQLTFYIT8i","71","段评","前面不是已经放松警惕了吗？这还放松个屁","82","好","评论精炼有力，逻辑清晰，用反问+粗口式表达强化质疑语气，准确抓住情节矛盾点（前后行为不一致），体现深度阅读和即时情绪反应，互动价值高。","88","正向","","","","",""
"SddBOxS0nP","template (5)","qUbQpdRCOj","4","段评","划重点，说不定后面又倒回去了[狗头]","82","好","评论精炼有效，'划重点'体现主动阅读和信息抓取意识，'说不定后面又倒回去了'展现对情节走向的预判与调侃式参与，[狗头]精准强化反讽/戏谑语气，整体互动性强、情绪鲜活，符合段评即时反应特征。","88","正向","","","","",""
"SddBOxS0nP","template (5)","5ORNaTRxt7","7","段评","什么星球？有月亮？","72","中","评论精炼且具互动性，以疑问形式自然承接原文场景，体现阅读中的即时好奇与代入感；虽简短但信息明确，有逻辑指向（对虚构设定的合理质疑），非灌水或无意义表达。","58","中性","","","","",""
"SddBOxS0nP","template (5)","EX79ouGzcw","43","段评","我我怀疑你这仙帝能不能打得过真丹境","76","中","评论精炼且具互动性，以调侃口吻提出一个具体、有逻辑张力的战力对比问题（仙帝 vs 真丹境），体现对修真体系设定的关注与戏谑式质疑，符合段评即时反应特点；虽略带口语重复‘我我’，但反而强化了犹豫/玩味语气，不影响表意清晰度和情绪传达。","85","正向","","","","",""
"SddBOxS0nP","template (5)","wAdvJ-sI6V","17","段评","除了哭还有其他的吗？","65","中","评论精炼且具互动性，表达了对情节情绪反应的延伸思考，隐含对角色处境的共情与轻微调侃，虽简短但有明确语义和阅读反馈，属于中等偏上段评；未达优秀因缺乏更具体的细节呼应或独特视角。","45","中性","","","","",""
"SddBOxS0nP","template (5)","G9HLfps1cE","92","段评","来吧！","75","中","精炼有力，表达明确的期待与互动意愿，符合段评即时反应特征，虽简短但具备完整情绪张力和推动感，属于有效高互动性段评。","88","正向","","","","",""
"SddBOxS0nP","template (5)","ekO53aK3m-","3","段评","听不懂。","55","中","表达简洁明确，属于阅读过程中真实的即时反馈，虽短但传递了理解受阻的认知状态，具备基本互动价值；未出现灌水、乱码或无关内容，但缺乏进一步解释或提问，精炼性有余而信息增量不足。","40","中性","","","","",""
"SddBOxS0nP","template (5)","Vhgala7ZJt","10","段评","没了人族敌人，急需反派","82","好","评论精炼有力，准确指出剧情关键问题（反派缺失），体现对叙事结构的观察和期待，具有明确观点和互动价值，虽短但信息完整、逻辑清晰。","75","中性","","","","",""
"SddBOxS0nP","template (5)","I0ly1ox501","23","段评","没看过","45","中","表达简洁但信息量低，属于中性表态类水评；未体现对当前段落的具体反应、情绪或观点，仅陈述客观状态，互动价值有限。","50","中性","","","","",""
"SddBOxS0nP","template (5)","Pk8xv1p6Er","5","段评","相拥而泣[歪头笑哭][歪头笑哭][歪头笑哭]这俩小老头，这画面感[笑哭]","92","好","评论精炼有力，信息密度高：'相拥而泣'精准概括情感高潮，'这俩小老头'体现亲切调侃的叙事视角，'画面感'点出文学/影像表现力，三重表达层层递进；表情符号非堆砌，而是强化情绪节奏（三个[歪头笑哭]模拟哽咽+破涕为笑的微妙层次，结尾[笑哭]收束升华），高度契合段落温情幽默基调，具备强互动性与共情感染力。","94","正向","","","","",""
"SddBOxS0nP","template (5)","HHxdrpm0D_","26","段评","武功高的废人","75","中","评论精炼有力，用反差修辞（'武功高'与'废人'）精准概括角色矛盾特质，体现对人物设定的敏锐观察和批判性理解，虽简短但信息密度高、互动价值强。","65","中性","","","","",""
"SddBOxS0nP","template (5)","DADw8yiyDw","9","段评","剪刀鱼[神评]","40","中","内容为昵称+标签式称呼，无实际评论信息，缺乏对段落内容的反馈或互动，属于典型水评；'剪刀鱼'可能是用户ID或梗，但未体现阅读理解、情绪反应或观点表达，仅靠[神评]标签无法提升实质质量。","50","中性","","","","",""
"SddBOxS0nP","template (5)","X8fHVGlcGI","108","章评","弄个世界，结果经常几招就宝气亏空","72","中","评论紧扣章节中‘构建世界却因频繁使用宝气导致亏空’这一具体设定，以略带调侃的口吻点出逻辑反差（‘弄个世界’本应宏大，结果‘几招就亏空’显得荒诞又真实），具备良好的趣味互动性与即时阅读反馈感；虽未展开深度分析，但精准捕捉了作者埋设的节奏梗和资源约束笑点，易引发读者共鸣和接梗互动。","85","正向","","","","",""
"SddBOxS0nP","template (5)","YCq_6X_bL1","68","段评","速度极快？20个人却用了一烛香的时间，依这个极快的速度，总共十来万人，那一个月也不够吧[微笑]","92","好","评论精炼有力，逻辑清晰，以反讽手法精准指出原文设定中的时间矛盾（'速度极快'与'一烛香完成20人'在十万人量级下明显不自洽），并用具体推演（'一个月也不够'）强化质疑，结尾[微笑]表情恰到好处增强讽刺张力，兼具思辨性、互动性和表达效率，属高质量段评。","76","中性","","","","",""
"SddBOxS0nP","template (5)","d_A1oDfyfR","83","章评","希望篇副长些","40","中","内容极其简短，仅表达主观愿望，未涉及具体剧情、人物、伏笔或章节细节，缺乏讨论价值和趣味互动性；虽与阅读体验相关，但信息量过低，属于典型弱互动水评。","50","中性","","","","",""
"SddBOxS0nP","template (5)","n5PmaJfS_w","55","章评","[神评][神评][神评][神评]","5","差","纯重复刷屏式灌水，无实际内容、无剧情讨论、无趣味表达、无情绪信息，完全不具备章评应有的互动性或分析价值。","30","中性","","","","",""
"SddBOxS0nP","template (5)","r24pH6wIAF","22","段评","4个女的简直是笑话","45","中","评论内容简短但带有明确负面评价，指向性清晰（'4个女的'），但缺乏具体依据或上下文支撑，属于情绪化判断，信息量有限，互动价值中等偏下；未达水评标准（非纯灌水），但批判流于表面，逻辑支撑弱。","20","负向","","","","",""
"SddBOxS0nP","template (5)","NGi0YJTcV2","33","章评","月儿在柳相助下突破大圣","45","中","内容为对章节关键情节的简要复述，缺乏个人见解、分析或情绪表达，未体现阅读感受、趣味互动或剧情讨论价值，属于基础信息型水评，相关性存在但深度和互动性不足","50","中性","","","","",""
"SddBOxS0nP","template (5)","QELiyGf9ia","41","章评","^_^","20","差","内容为空白表情符号'^_^'，无实际文字信息，无法体现剧情讨论、互动意图或阅读反馈，属于无效灌水类章评，缺乏任何分析价值或趣味表达。","50","中性","","","","",""
"SddBOxS0nP","template (5)","QdyaXlM_ei","95","段评","[恶心][呕吐]","25","差","内容为纯负面情绪符号堆砌，无具体指向、无语境关联、无信息增量，属于典型低质水评；虽有明确负向情绪，但缺乏基本表达完整性与互动价值，无法体现对段落内容的理解或反应。","15","负向","","","","",""
"SddBOxS0nP","template (5)","uBnsAw9Abk","235","章评","一个组织必须具备情报、督度、执行、反间的职能部门","65","中","评论简洁但具备一定专业性，将小说情节抽象升华为组织管理逻辑（情报/督度/执行/反间），体现对章节中权谋或体制运作的提炼能力；虽未展开具体剧情对应，但概念准确、用词凝练，有一定思辨性和讨论启发性，属于中等偏上水平的理性章评。","72","中性","","","","",""
"SddBOxS0nP","template (5)","h0VuhWOSv9","100","段评","啥玩意儿家族","45","中","属于差评区间，表达带有明显质疑和不解情绪，但用词过于口语化、模糊（‘啥玩意儿’缺乏具体指向），‘家族’一词无上下文支撑，显得空泛甚至略带戏谑贬义；虽有一定即时反应感，但信息量低、逻辑模糊，互动价值有限，接近水评边缘。","25","负向","","","","",""
"SddBOxS0nP","template (5)","1Zsz6ZErmE","116","段评","既然异域来了几位强者  那荒古神域就不知道吗 一样会有强者来到通古神域来防备及抵挡异域来的人 能量一定是守衡的 因为荒古神域也不能眼看着一线战场通古神域被异族占领","78","中","评论内容逻辑清晰、观点明确，基于小说世界观展开合理推演，体现了对设定的理解与主动思考；句式虽稍长但结构完整，信息密度高，具备有效段评所需的互动性与思辨性，属于良好偏上的精炼分析型段评。","65","中性","","","","",""
"SddBOxS0nP","template (5)","QN7HkXE2I1","11","章评","作者千篇一律的套路。对方的攻势马上到面前啦。突然就。。。都懂嘛[歪头笑哭][歪头笑哭][歪头笑哭]","72","中","评论精准捕捉了章节中常见的‘千钧一发→突然转折’套路，用‘对方的攻势马上到面前啦。突然就。。。都懂嘛’形成节奏感强的戏谑式复述，兼具剧情观察力与幽默互动性；三个[歪头笑哭]表情强化了心照不宣的吐槽氛围，符合读者对熟悉桥段的默契调侃，具备良好传播性和共鸣潜力，但缺乏更深层的文本分析或设定解读，故未达优秀档。","85","正向","","","","",""
"SddBOxS0nP","template (5)","UFwCAOJu1-","385","段评","微信，QQ，钉钉，微博，抖音，ins，x，全都加。。。","25","差","内容为无差别罗列社交平台名称并附带重复性指令'全都加。。。'，无具体对象、无上下文关联、无有效互动意图，属于典型灌水式表达；缺乏信息价值、情绪指向或观点表达，仅具形式上的号召性，但无实际意义。","35","中性","","","","",""
"SddBOxS0nP","template (5)","BYVBdyeH5G","14","段评","签到","25","差","属于典型灌水行为，无实质内容、无情绪表达、无互动价值，仅机械性完成签到动作，不符合段评应具有的阅读反馈或情感响应要求","40","中性","","","","",""
"SddBOxS0nP","template (5)","N70QIkyM0z","186","段评","裤子脱了吧","15","差","内容低质，属于无上下文、无建设性、带有不当暗示的轻浮表达，缺乏基本阅读反馈或互动价值，违反健康互动原则，接近恶意灌水或骚扰倾向","20","负向","","","","",""
"SddBOxS0nP","template (5)","-p9EnK5R1-","36","章评","唉，好恶心的女人啊","25","差","评论内容极度简短，缺乏具体指向（未说明是哪个人物、何种行为引发反感），无剧情分析、无上下文关联、无趣味表达，属于情绪化宣泄式水评，不具备讨论价值或互动潜力。","15","负向","","","","",""
"SddBOxS0nP","template (5)","JTEHkYhAfG","72","段评","往死里打","65","中","表达简短但意图明确，属于强情绪驱动的互动型段评，贴合情节中冲突或爽感场景，具备一定即时反应价值；但缺乏具体指向或语境支撑，略显笼统，精炼有余而信息量稍弱。","88","正向","","","","",""
"SddBOxS0nP","template (5)","GnkFgLnW-0","238","段评","第20次考核开始了，大家要感谢铁马，只是3项考核而不是8项考核。","78","中","评论精炼有效，信息明确：点明‘第20次考核’的节点感，用对比（3项 vs 8项）突出减负效果，并以‘感谢铁马’体现对规则调整的正向反馈，具备即时阅读反应和适度情绪表达，符合段评短而有态度的特征。","85","正向","","","","",""
"SddBOxS0nP","template (5)","UQ9K6Zfqra","224","章评","“你有所不知，每年都有不少人族修士，落入异族之手，异族通过特殊手段控制住了这些人族，让他们返回通域古城，暗中替异族卖命，不然异族怎么可能对通域古城的情况了解的如此清楚。”","78","中","该章评精准复述并提炼了章节中关于人族被异族控制、潜伏通域古城的关键设定，具有明确的剧情讨论价值；虽为转述式表达，但信息密度高、逻辑清晰，能有效帮助其他读者理解伏笔与世界观矛盾，具备良好的引导讨论功能；语言简洁有力，贴合修真/玄幻语境，有一定代入感和分析感。","65","中性","","","","",""
"SddBOxS0nP","template (5)","MKJE2-TUVa","49","章评","听到这里再也听不下去了，以前是坚持，现在是决定放弃","45","中","评论表达了读者对剧情或角色发展的强烈失望情绪，有一定真实感和即时反应特征，但缺乏具体指向（如未说明是哪个人物、情节或伏笔导致放弃），也无剧情分析或互动趣味性，属于情绪化中等偏下水评。","25","负向","","","","",""
"SddBOxS0nP","template (5)","hzabs2m0vT","311","章评","脑子急转湾","65","中","评论简短但生动，用网络流行语‘脑子急转弯’幽默表达对剧情反转或角色操作的意外感，贴合阅读时的即时反应，具备趣味性和互动潜力，虽无深度分析但情绪真实、节奏感强，属于有效轻量级章评。","85","正向","","","","",""
"SddBOxS0nP","template (5)","FTaD09mG2g","280","章评","本无树明镜亦非台","65","中","评论引用禅宗经典偈语‘本来无一物，何处惹尘埃’的变体（‘本无树，明镜亦非台’），暗合章节中可能涉及的顿悟、破执、虚实辩证等哲思主题，具备一定文学性与解读空间；虽简短，但非泛泛而谈，有隐喻指向和留白张力，属于含蓄而有意趣的互动表达，符合章评中高价值短评特征。","85","正向","","","","",""
"SddBOxS0nP","template (5)","wCa9YndzPD","327","章评","写的真好看环环相扣。感谢作者大大的辛苦付出！","45","中","内容为泛泛而谈的正面表扬，缺乏对具体章节情节、人物、伏笔或写作技巧的任何分析或细节描述，属于常见模板化水评；虽有基本礼貌和正向态度，但无剧情讨论价值、无趣味互动性、无即时阅读反应体现。","85","正向","","","","",""
"SddBOxS0nP","template (5)","W9tqZJqbxC","193","段评","仇敌+1","75","中","精炼有效，用‘仇敌+1’简洁表达对角色/情节的强烈负面态度，符合段评即时反应特征；符号‘+1’增强互动感和共识感，虽短但信息明确、情绪鲜明，具备一定传播力和共鸣潜力。","20","负向","","","","",""
"SddBOxS0nP","template (5)","NWZzj7EDXw","1065","章评","如果是一头猪的话，这个品种早就淘汰了，谁见过任何食物只吃一次的猪？","82","好","评论以荒诞类比（把角色比作‘只吃一次就放弃的食物的猪’）犀利吐槽角色行为逻辑，极具趣味性和讽刺张力；紧扣章节中角色可能存在的反复纠结、临阵退缩或决策反常等情节，属于高互动性、强场景贴合的优质玩梗式章评，能有效激发读者共鸣与讨论。","88","正向","","","","",""
"SddBOxS0nP","template (5)","ukd3929-ZO","162","章评","小年轻些又要惹事，柳无邪出头，结仇家……","72","中","评论紧扣章节核心情节（柳无邪因年轻人惹事而出头、结仇），用简洁口语化表达提炼冲突主线，具备明确剧情指向性和讨论基础；'小年轻些又要惹事'带轻微调侃语气，增强趣味性与代入感，虽未展开分析但信息密度高、节奏感强，符合优质章评中‘精准吐槽+情节锚定’特征。","78","中性","","","","",""
"SddBOxS0nP","template (5)","f-KuqNjofl","409","段评","徐家已经没有存在的必要了，徐家灭族。","65","中","内容具备明确观点和强烈态度，语义完整，属于情绪驱动型段评；但缺乏上下文支撑、逻辑展开或具体依据，略显武断和口号化，互动价值中等偏上，未达精炼有力的优秀段评标准。","92","正向","","","","",""
"SddBOxS0nP","template (5)","Y-kRiDeX49","537","章评","一套接一套","68","中","评论简短但精准捕捉了章节中连续反转或密集节奏的观感，'一套接一套'带有口语化调侃意味，符合章评常见的即时反应风格，具备一定趣味性和共鸣潜力；虽无深度分析，但贴合剧情推进特征，属于中等偏上、有互动价值的轻量级有效评论。","75","中性","","","","",""
"SddBOxS0nP","template (5)","i2yQCP6zwy","168","段评","如果这样可以，那我还要杀多少人？","82","好","评论精炼有力，以反问形式强烈质疑情节逻辑或角色行为的合理性，体现出对叙事伦理的即时反思，具有明确观点和情绪张力，互动价值高。","25","负向","","","","",""
"SddBOxS0nP","template (5)","GsWHJIferq","639","段评","太荒世界就是个垃圾回收站","65","中","评论内容简短但观点明确，使用比喻‘垃圾回收站’表达对‘太荒世界’的强烈贬义评价，具备一定批判性和修辞意识；虽情绪激烈但未失语、无乱码或灌水，属于有态度的中等偏上段评。","20","负向","","","","",""
"SddBOxS0nP","template (5)","lAGeyIAPWL","230","章评","望着一枚枚丹药，祁元，还有老墨他们每个人神情激动，他们心里很清楚，这些丹药应该从那名异族小公主身上搜到的，每一枚价值连城。","62","中","评论基本贴合章节内容，点出了关键人物（祁元、老墨）、核心物品（丹药）和重要背景（异族小公主），具备一定剧情还原能力；但缺乏个人见解、深度分析或趣味表达，属于中性叙述型章评，信息量有限且未体现阅读即时反应或互动潜力。","55","中性","","","","",""
"SddBOxS0nP","template (5)","CjmA9QLOpS","269","段评","作者变态啊，从刘吴邪碰见她俩，他两个都不知道自己不是亲兄妹，你说青梅竹马！","65","中","评论内容有明确观点和逻辑依据（指出角色关系设定矛盾），属于带批评性质的有效互动，但表述稍显情绪化、用词偏口语化且略带攻击性（‘作者变态啊’），削弱了理性讨论分量；结构较完整，能支撑基本段评功能。","35","中性","","","","",""
"SddBOxS0nP","template (5)","Ao_3ri6N6k","135","段评","[小七_高兴][小七_高兴][小七_高兴]","45","中","内容为重复表情符号堆砌，无文字信息，缺乏具体观点、情绪描述或互动意图，属于低信息量水评；虽能传递基本高兴情绪，但未结合文本内容，缺乏段评应有的上下文关联性和表达有效性。","85","正向","","","","",""
"SddBOxS0nP","template (5)","WBQfI1NJ_X","202","段评","这是必看榜第一的水平？从进药材店开始忍着听到这里，恶心??至极","78","中","评论精炼有力，明确指出情节节点（进药材店），表达强烈主观体验（‘忍着听到这里’‘恶心??至极’），情绪递进清晰，标点与叠词强化反感程度，具备高互动价值和即时反馈特征，虽带主观批判但非无意义水评。","15","负向","","","","",""
"SddBOxS0nP","template (5)","P0EvmGOH3k","225","章评","“不久前，通域古城来了一批不速之客，他们来自荒古神域，城主去接见他们了，以免怠慢了贵客。”","45","中","该评论仅复述原文中的一句叙述性文字，未体现任何个人阅读感受、剧情分析、趣味互动或观点表达，缺乏章评应有的主观性与讨论价值，属于低信息量的机械引用，相关性虽有但无延展性。","50","中性","","","","",""
"SddBOxS0nP","template (5)","B3OKuTHtNe","299","章评","江郎才尽","25","差","评论内容‘江郎才尽’为泛化负面评价，未结合具体章节情节、人物或叙事展开任何分析或描述，缺乏剧情讨论价值；无趣味互动元素，也无即时阅读感受体现，属于典型无依据主观贬损式水评。","15","负向","","","","",""
"SddBOxS0nP","template (5)","JyKayrTmux","1303","章评","直取中军","75","中","评论‘直取中军’为高度凝练的军事/策略类网络热梗，精准呼应章节中主角果断破局、直击核心矛盾的情节，兼具专业感与爽感，符合章评即时反应特征；虽简短但信息密度高、代入感强，具备良好互动潜力和语境默契，属于优质趣味性章评。","88","正向","","","","",""
"SddBOxS0nP","template (5)","hHfTovMMKG","15","章评","太乏力了 看的","35","中","评论内容简短且缺乏具体指向，'太乏力了'未说明是剧情、文笔、节奏还是人物塑造等方面的问题，'看的'语义不完整，表达模糊，信息量极低，属于典型弱反馈型水评，仅有基础情绪倾向但无讨论价值或趣味性。","25","负向","","","","",""
"SddBOxS0nP","template (5)","YdB_QBaw6E","98","书评","那些反派老怪物 高层人士都和3岁小孩一样的智商 这种小说能排第一","25","差","评论内容极简且情绪化，无具体书籍信息、无情节分析、无人物或主题探讨，未说明‘反派老怪物’和‘高层人士’出自哪部作品，也未解释为何其智商类比3岁小孩，缺乏基本论证和阅读反思；表达偏激、逻辑缺失，属于无依据的贬损式灌水，内容空洞，信息量趋近于零。","15","负向","","","","",""
"SddBOxS0nP","template (5)","uIHR1zyQwZ","463","书评","好看，作者大大写的书流畅，剧情精彩，","55","中","评论内容基本完整，表达了正面评价和两个具体维度（流畅性、剧情），但缺乏细节支撑、无具体情节或人物分析，未体现主题思考或个人反思，属于较浅层的主观感受，表达通顺但深度不足。","85","正向","","","","",""
"SddBOxS0nP","template (5)","EHagxXH1mC","722","段评","越看越难看了","65","中","表达清晰、有明确观点（负面评价），属于阅读过程中的即时反馈，虽简短但语义完整，具备基本互动价值；但缺乏具体依据或细节支撑，精炼性尚可，有效性中等。","25","负向","","","","",""
"s4A1euCzIE","婚后-社区评论质量评分-书章段评版","OoIpMoKxtp","232","段评","你的老脸不是被你自己丢尽的么？严于律人宽以待己，这届侯爷真的不行啊","82","好","评论精炼有力，逻辑清晰，运用反问与对比修辞（'严于律人宽以待己'），精准指向人物行为矛盾，体现对角色言行一致性的批判性思考，具备明确观点、情绪张力和文本互动价值。","25","负向","","","","",""
"SddBOxS0nP","template (5)","mjGqgRpKuS","82","书评","終於體驗到什麼叫做一本通書寫到老，老馬是不是要寫到80歲才結局！","45","中","评论内容简短，仅表达对作者写作周期长的感叹，未涉及情节、人物、主题、结构等任何实质性分析，缺乏具体例证和逻辑展开，属于情绪化随感，内容完整性与分析深度均不足。","65","中性","","","","",""
"SddBOxS0nP","template (5)","76cuiNWRoy","90","段评","神秘来客啊！哈哈哈??????????????????????????????????????????????????????????????????????????????????????????????????????????????????????????????????????????????????????????????????????????????????????????????","42","中","前半句'神秘来客啊！哈哈哈'具备基本互动性，有情绪反应和轻度解读，属有效段评；但后半部分为超长无意义重复问号（共120+个），严重稀释表达价值，属于典型水评行为，拉低整体精炼性与有效性。","85","正向","","","","",""
"SddBOxS0nP","template (5)","1kgGkp0uTj","91","段评","今天浑身是血回来，能不能活到明天都是一个未知数啊！哈哈哈????????????????????????????????????????????????????????????????????????????????????????????????????????????????????????????????????????????????????????????????????????????","42","中","内容前半句有戏剧化表达，具备一定画面感和情绪张力，但后半段大量重复问号和感叹号（远超正常强调所需），属于典型符号灌水，严重稀释信息密度与表达诚意，互动价值低，精炼性与有效性受损。","65","中性","","","","",""
"SddBOxS0nP","template (5)","Svoul-knl4","109","书评","剧情降智拖沓 各种强词夺理的刁难","35","中","评论内容极度简短，仅用两个四字短语表达主观否定，缺乏具体例证、文本依据或分析逻辑；未说明是哪部作品、何种情节‘降智’、谁在‘强词夺理’、刁难如何体现，也无人物、主题、结构等维度的评价，信息量极低，属于情绪化灌水式差评，内容完整性与分析深度严重缺失。","20","负向","","","","",""
"SddBOxS0nP","template (5)","ReH8yDPWQW","223","书评","两集都在讲一些屁话。这种事应该一笔就带过了。非要写好几章。无语了。","25","差","评论内容极度简短、情绪化，缺乏对书籍情节、人物、主题或写作手法的任何具体分析；未说明是哪本书、何事被冗写、为何‘该一笔带过’，也无阅读感受反思或评价标准；用语粗略（如‘屁话’‘无语了’）且带有明显宣泄倾向，属于无效灌水式吐槽，信息量与评价价值极低。","15","负向","","","","",""
"SddBOxS0nP","template (5)","ZBSIfS_vew","293","段评","[小七_神评][小七_笑哭][小七_斜眼笑][小七_高兴]","25","差","内容为纯表情符号堆砌，无实际文字表达，缺乏信息量和互动意义，属于典型水评；虽有情绪倾向，但未形成有效观点、反馈或与文本内容的关联，无法体现阅读理解或即时反应价值。","85","正向","","","","",""
"SddBOxS0nP","template (5)","c449oTsEtP","459","书评","写不出来段更","10","差","评论内容为无意义短语'写不出来段更'，无任何书籍相关信息、评价观点或阅读感受，无法构成有效书评，表达混乱且完全缺失评价要素。","35","中性","","","","",""
"SddBOxS0nP","template (5)","O9MMmHdb_d","1666","章评","看了评分，榜单才进来的，但这主角的坎坷剧情加的牵强的一批[焦虑]个人真看不下去，说实话这评分榜单坑到我了[便便]","35","中","评论内容为典型负向水评，缺乏对具体章节情节的讨论或分析，仅表达因榜单误导而产生的失望情绪，使用‘牵强的一批’‘坑到我了’等主观情绪化表述，无剧情细节支撑，也无建设性观点，互动价值低，属于低质量抱怨型章评。","20","负向","","","","",""
"SddBOxS0nP","template (5)","A4i_tU2RDM","403","段评","混乱不堪，胡言乱语，能不能认真点写，突破就是二重，咋地，回头了？","62","中","评论内容简短但表达了明确的批评意见，指出文本‘混乱不堪’‘胡言乱语’，并质疑逻辑矛盾（‘突破就是二重，咋地，回头了？’），具备基本互动性与观点性；但用语偏情绪化、缺乏具体例证或建设性建议，略带攻击性，影响表达专业性与说服力，属于中等偏上质量段评。","25","负向","","","","",""
"SddBOxS0nP","template (5)","WvmO9x5Np0","557","段评","秘密身份啊！秘?秘?秘?秘?秘?秘?秘?秘?秘?秘?秘?秘?秘?秘?秘?秘?秘?秘?秘?秘?秘?秘?秘?秘?秘?秘?秘?秘?秘?秘?秘?秘?秘?秘?秘?秘?秘?秘?秘?秘?秘?秘?秘?秘?秘?秘?秘?秘?秘?秘?秘?秘?秘?秘?秘?秘?秘?秘?秘?秘?秘?秘?秘?秘?秘?秘?秘?秘?秘?秘?秘?秘?秘?秘?秘?秘?秘?秘?秘?秘?秘?秘?秘?秘?秘?秘?秘?秘?秘?秘?秘?秘?秘?秘?秘?秘?秘?","25","差","内容为重复堆砌'秘?'共80余次，无实质信息，无逻辑结构，无观点或情绪递进，属于典型无效刷屏式水评，虽有轻微戏谑意图但完全丧失表达效率与互动价值","45","中性","","","","",""
"SddBOxS0nP","template (5)","Ihn3o0UzB5","873","书评","重复套娃","25","差","评论内容仅为四个字‘重复套娃’，无具体指向（未说明哪本书、何种重复、如何套娃），缺乏基本分析、例证、逻辑展开或阅读感受，属于情绪化贬义短语，信息量极低，无法构成有效书评。","20","负向","","","","",""
"SddBOxS0nP","template (5)","4Gjj7zpu2k","924","段评","写的很无聊，就不能写其它剧情打败吗，不去打怪升级在这和一群小屁孩玩水字数","42","中","评论表达了明确的负面观感和剧情期待，但用语情绪化、缺乏具体分析（如未指出哪段无聊、为何玩水不合理），'小屁孩''水字数'等表述带有主观贬低和灌水预设，削弱了建设性；属于有态度但质量偏低的吐槽型水评。","18","负向","","","","",""
"SddBOxS0nP","template (5)","tlNP1motKE","1294","章评","写的真好看。柳无邪关关难过关关过！感谢作者大大的辛苦付出。打赏金币1000。","45","中","内容属于典型应援型水评，缺乏对章节具体情节、人物或写法的任何实质性讨论，仅用泛泛夸赞（'写的真好看'）和口号式支持（'关关难过关关过'）表达好感；虽有打赏行为体现支持意愿，但评论本身无剧情分析价值、无趣味互动性、无即时阅读反馈细节，信息密度低，符合低质量章评特征。","85","正向","","","","",""
"SddBOxS0nP","template (5)","5dQImGH4Kb","1366","书评","就是更新太慢","35","中","评论内容极度简短，仅表达对更新速度的不满，未涉及书籍情节、人物、主题、文笔、结构等任何评价维度，缺乏基本分析、例证或阅读感受，信息量极低，属于无效书评。","20","负向","","","","",""
"SddBOxS0nP","template (5)","vyi0IepboI","1613","书评","写的不咋样不知道怎么上的榜，感觉剧情就是不断的重复再重复，毫无看点，属实看不下去","35","中","评论内容极其简短，缺乏具体分析：未指出是哪本书、未说明重复的具体表现（如情节模式、人物行为、结构设计等），无对人物、主题、文笔或思想价值的任何探讨，也无对比参照或阅读背景说明；表达情绪化且笼统，属于典型主观吐槽，不具备书评应有的评价深度与逻辑支撑。","15","负向","","","","",""
"SddBOxS0nP","template (5)","_SYb5ppEuG","1917","段评","接下来柳无邪打出一道道禁止，，隔绝了所有人。两人在里面缠绵不止，鱼水之欢","25","差","内容存在明显低俗化、色情暗示倾向，违反健康向上的内容导向；'鱼水之欢'等表述在无上下文支撑下属于不当暧昧渲染，缺乏文学性或正当叙事功能；标点错误（重复逗号）、语义断裂（'禁止'应为'禁制'或'禁制符'等更合理用词），信息有效性与表达规范性极差。","15","负向","","","","",""
"s4A1euCzIE","婚后-社区评论质量评分-书章段评版","AXvNZhr6SU","12","书评","描写人物的心理活动很好，情节也还不错。","58","中","评论内容基本完整，提及了人物心理描写和情节两个评价维度，有一定观点但非常简略，缺乏具体例证、深入分析或个人阅读反思；未说明‘很好’‘还不错’的判断依据，也未涉及主题、结构、语言风格等常见书评要素，表达通顺但信息量低，属于中等偏下水平的简评。","72","中性","","","","",""
"s4A1euCzIE","婚后-社区评论质量评分-书章段评版","GxkbpbWL3U","480","书评","我觉得这本书在这么多穿越古文中已经算是很好的一本了，作者的文笔也非常好，并不是为了去码字去凑字数，而且人物塑造的也很饱满，不是那样的空虚片面，前面留下的坑也填了.也可能是我看过的书没那么多，但我觉得这本书真的已经很好了","76","中","评论内容较完整，涵盖了文笔、人物塑造、情节完整性（填坑）等核心书评维度，表达了明确的正面评价立场；语言通顺，逻辑连贯，有一定分析意识（如对比‘为凑字数’与‘文笔好’，指出人物‘饱满’而非‘空虚片面’）；但缺乏具体例证（如未说明哪个人物饱满、哪个坑被填）、未展开主题或思想层面探讨，深度尚有提升空间，属于良好但未达优秀水平。","88","正向","","","","",""
"s4A1euCzIE","婚后-社区评论质量评分-书章段评版","UP90QjizSB","499","书评","目前二百多章了，没啥大的故事情节，就是围绕那两个锯嘴葫芦的情情爱爱，黏黏糊糊，纠纠缠缠，心理描写的旁白一堆又一堆，咋看共情，多了便烦了。弃文了。","62","中","评论内容基本完整，表达了对作品节奏、情节密度、人物塑造（'锯嘴葫芦'的讽刺性指代）和心理描写比重的明确批评，有一定观察力和主观判断；但缺乏具体例证、文本引用或对主题/结构/文笔等维度的深入分析，属于中等偏上的直觉型反馈，未体现深度思辨或文学性评价。","25","负向","","","","",""
"s4A1euCzIE","婚后-社区评论质量评分-书章段评版","ClbNz8yLuc","517","章评","父母之爱子则为之计深远，老夫人真真当文玉为亲孙女","82","好","评论紧扣章节中老夫人对文玉的深厚关爱与长远筹谋，引用古语‘父母之爱子则为之计深远’精准点题，既有文化厚度，又体现对人物动机和情感逻辑的细腻体察；虽简短但具备明确剧情指向性与解读深度，属于高质量的情感-策略双维度章评。","90","正向","","","","",""
"SddBOxS0nP","template (5)","-GPJMNlCeg","8","段评","二爷，您还能坚持几章，请让小的们先走一步[歪头笑哭]","88","好","评论精炼生动，用戏谑口吻（‘二爷’‘小的们’）强化角色代入感，‘还能坚持几章’精准呼应连载文的追更疲惫感，‘先走一步’+‘[歪头笑哭]’表情形成反差幽默，情绪饱满且互动性强，兼具网感与段落语境贴合度。","92","正向","","","","",""
"SddBOxS0nP","template (5)","ymUlfiG25O","12","段评","老套路[狗头]","75","中","评论精炼有效，'老套路'准确点出内容模式化特征，[狗头]表情自然强化调侃语气，体现阅读中即时判断与轻度共鸣，符合段评短平快、有态度的互动特性。","65","中性","","","","",""
"SddBOxS0nP","template (5)","wYCNeqJWRm","50","段评","又分顶级和高级[歪头笑哭]","78","中","评论精炼有效，用‘又’字体现对前文设定的即时反应和熟悉感，‘顶级’‘高级’形成微妙反差，带调侃意味；[歪头笑哭]表情精准强化戏谑情绪，整体符合段评短小精悍、有态度、有节奏的特点。","86","正向","","","","",""
"SddBOxS0nP","template (5)","r_5VWBeQsQ","30","段评","在此之前不应该交配，元气损失多了","65","中","内容表达了一个基于修真/玄幻设定的常见观念（'元气'与'交配'关联），具备一定语境相关性和观点性，但表述略显突兀、缺乏上下文支撑，逻辑衔接较弱，属于中等偏上段评：有明确态度和设定认知，但精炼性与即时反应感一般。","45","中性","","","","",""
"SddBOxS0nP","template (5)","NbNp55LRBz","127","段评","我直接用耸的","75","中","表达精炼且具个性，'耸的'为网络化口语（源自'怂'的谐音变体，带自嘲或调侃意味），配合'我直接用'显现出即时反应和态度倾向，虽简短但信息完整、互动感强，符合段评场景下的自然情绪流露。","85","正向","","","","",""
"SddBOxS0nP","template (5)","Nc2cOVkB9T","16","段评","三秒货","65","中","表达简短但有明确指向性，'三秒货'是网络常用调侃用语，暗指角色/情节/表现等‘撑不过三秒’，带有戏谑和轻微贬义，属于轻度吐槽类有效段评；虽无上下文仍可理解其评价意图，符合段评即时反应特征，但信息密度和情绪深度有限。","45","中性","","","","",""
"SddBOxS0nP","template (5)","LrtkUzc_Ah","21","段评","有天书还半吊子魂？","82","好","评论精炼有力，用反问句式精准质疑角色设定逻辑（'天书'与'半吊子魂'的矛盾），体现对剧情细节的观察和思辨，互动价值高，符合段评即时反馈特征。","76","中性","","","","",""
"SddBOxS0nP","template (5)","MR-WyaTUmr","31","段评","不搽搽屁股！","45","中","内容为口语化短句，带有戏谑和轻微冒犯意味，虽有一定情绪表达和互动意图，但缺乏建设性、逻辑性或对原文的实质性反馈，属于低信息量的情绪宣泄型段评，接近水评边界。","35","中性","","","","",""
"SddBOxS0nP","template (5)","sR27HGVLYc","13","段评","修炼界有什么好的？有自己的家族，又不会被人欺负，一辈子就这样，比成仙成圣强多少倍？","92","好","评论精炼有力，逻辑清晰，观点鲜明：通过对比‘修炼界’与‘成仙成圣’的价值取向，提出反套路的世俗化人生观（家族安稳、免于欺凌），体现深度阅读理解与独立思考；句式紧凑，反问增强感染力，情绪饱满且贴合原文可能存在的修真世界观反思语境。","88","正向","","","","",""
"SddBOxS0nP","template (5)","KOqjwqldbx","35","段评","有来无回","78","中","精炼有力，四字成语式表达，准确概括段落中人物行动的单向性或局势的不可逆性，具备文学性与评论感，虽短但信息密度高、互动指向明确。","65","中性","","","","",""
"SddBOxS0nP","template (5)","9PeTbUkLm4","174","段评","直接无敌了","88","好","精炼有力，'直接无敌了'高度凝练地表达了强烈赞叹与震撼感，符合段评即时反应特征；'直接'强化了情绪的猝不及防和真实感，'无敌了'是网络化、高共鸣的正向评价，信息密度高且无冗余。","92","正向","","","","",""
"SddBOxS0nP","template (5)","HiGyZA0A-d","28","段评","废话占一半，凑字","45","中","评论内容简短但指向明确，指出文本存在‘废话占一半，凑字’的问题，具备基本批评意识和阅读反馈价值；但缺乏具体例证、分析或建设性建议，表达偏口语化且略带情绪化，属于中等偏下有效水评，未达深度互动水准。","35","中性","","","","",""
"SddBOxS0nP","template (5)","0Qki9HbI9i","187","章评","动不动就哇哇大叫[歪头笑哭]","72","中","评论简短但高度贴合章节常见情节（如角色受惊/震惊时夸张反应），使用网络流行表情[歪头笑哭]增强趣味性和画面感，具备强互动潜力和即时阅读共鸣，属于优质轻量级章评。","88","正向","","","","",""
"SddBOxS0nP","template (5)","D_40l6v614","405","段评","铁马在圣人境界里塞了一堆莫名其妙的境界来水字数，前面都是祖圣，道圣，小圣主，大圣，元圣，宗圣，，天圣，这里不如改成星圣与前面保持一致，后面更是有命泉境，阴阳境，法相境这种与前面格格不入的境界，说到底都是为了水字数凑篇幅。","92","好","评论精炼有力，逻辑清晰，直指作品核心问题：境界体系混乱与水字数嫌疑。准确识别出前后境界命名风格不统一（如‘星圣’与‘祖圣/道圣’等的协调性建议），并指出‘命泉境、阴阳境、法相境’等设定与前期圣人体系存在世界观割裂，体现出较强的文本细读能力与网文设定鉴赏素养；观点明确、有理有据，具备高价值批评性互动。","65","中性","","","","",""
"SddBOxS0nP","template (5)","5UGxP1SlGD","112","章评","[呲牙]","35","中","纯表情符号，无文字内容，缺乏剧情讨论、互动信息或情感表达的具体指向，属于低信息量水评；虽有一定情绪暗示（如调侃、轻松），但无法判断是否贴合章节内容，互动价值和分析价值极低。","45","中性","","","","",""
"SddBOxS0nP","template (5)","OoVROvnOF4","227","章评","[小七_打卡]","10","差","内容为纯打卡式水评，无剧情讨论、无趣味表达、无情绪反馈，仅含昵称和固定格式标签，完全缺乏章评应有的互动性与内容价值。","50","中性","","","","",""
"SddBOxS0nP","template (5)","FuKLmqkdy0","123","段评","这剧情真的太多了，多了，多了","45","中","表达重复、缺乏具体指向和有效信息，'多了，多了'属于情绪化堆砌式水评，虽有基本情绪倾向（对剧情密度的不满），但未说明'多'在何处（节奏？支线？人物？），精炼性不足且互动价值低。","25","负向","","","","",""
"SddBOxS0nP","template (5)","hhAOX19J0b","119","章评","铁马，你每天写这么短。真的好么？","45","中","评论内容简单提问，有一定互动意图，但未结合具体章节情节展开讨论，缺乏剧情分析或趣味表达，属于轻度水评；'铁马'疑似作者昵称，但未体现对本章内容的真实反应或理解，相关性较弱。","55","中性","","","","",""
"SddBOxS0nP","template (5)","q8CdOutkN8","18","段评","还吃还拿 什么作风","78","中","评论精炼有力，用反问句式‘还吃还拿 什么作风’直击行为本质，具有明确批判指向和价值判断，符合段评即时反应特点；虽简短但信息完整、情绪鲜明，具备较强互动张力和观点表达力。","25","负向","","","","",""
"SddBOxS0nP","template (5)","BprGx54ZV4","121","章评","来过","25","差","纯灌水内容，无剧情讨论、无趣味表达、无即时反应痕迹，仅表示‘到访’意图，缺乏任何与章节内容的关联性或互动价值，属于典型低质章评。","50","中性","","","","",""
"SddBOxS0nP","template (5)","2psCTtBfJP","99","段评","[呕吐][呕吐]","25","差","纯符号堆砌，无实际语义或互动价值，属于典型负面情绪宣泄式水评，未表达具体观点、反馈或与文本内容的关联，缺乏精炼有效性与阅读即时反应的合理性","15","负向","","","","",""
"SddBOxS0nP","template (5)","s3Q2Us-TdD","261","章评","[便便]水马这是当bz立牌坊","65","中","评论使用网络化表达和玩梗（‘便便’表情符号化替代、‘立牌坊’讽刺修辞），针对角色行为（水马）做出即时、带批判性的趣味吐槽，具备一定剧情关联性和互动张力；虽简短，但情绪鲜明、有记忆点，符合章评轻量高效的特点，属于中高价值趣味互动型评论。","72","中性","","","","",""
"SddBOxS0nP","template (5)","LUuE5qaNjZ","101","段评","废话真特么多","35","中","属于明显负向水评，表达情绪但缺乏建设性，用语粗俗且未针对内容本身展开有效批评，互动价值低，仅体现负面情绪宣泄。","15","负向","","","","",""
"SddBOxS0nP","template (5)","N7-zCMEdht","281","段评","如原来每粒10克，改为现在每粒1克，产量能算高10倍吗[小七_问号]","78","中","评论精炼有效，提出一个具体、有逻辑的质疑性问题，聚焦于数值换算与实际产量关系的常见认知误区，体现阅读思考和批判意识；虽简短但信息明确，符号[小七_问号]增强语气和角色感，属高质量互动型段评。","55","中性","","","","",""
"SddBOxS0nP","template (5)","ym-ldj3px2","219","章评","这么重要的阴谋大事你们去酒楼谈[狗头][歪头笑哭]猪脚咋就知道找个密室还布下阵法[假笑][假笑][假笑]","78","中","评论紧扣章节情节，以幽默反讽方式指出角色行为逻辑漏洞（酒楼密谋 vs 主角布阵密室），形成强烈对比；使用[狗头][歪头笑哭][假笑]等表情强化戏谑感，具备高趣味性和互动潜力，属于典型的优质玩梗式章评，既有即时阅读反应，又暗含对叙事节奏与人物塑造的敏锐观察。","86","正向","","","","",""
"SddBOxS0nP","template (5)","DDLKT8upxD","509","段评","[小七_神评][小七_+1]","25","差","内容为模板化刷屏式互动，含重复昵称标签和无意义'+1'，无实际观点、情绪或信息增量，属于典型低质水评，缺乏阅读反馈和段落关联性。","40","中性","","","","",""
"SddBOxS0nP","template (5)","LmBeW01u0S","87","段评","签到","25","差","属于典型灌水行为，无实质内容、无情绪表达、无互动价值，仅机械性完成签到动作，未体现阅读反馈或段落关联性","40","中性","","","","",""
"SddBOxS0nP","template (5)","BORU4yH74Y","260","段评","8p.8飞","15","差","内容为无意义符号堆砌，'8p.8飞'无明确语义、无上下文关联、无情绪指向，不符合精炼有效性要求，属于典型乱码类水评。","20","负向","","","","",""
"SddBOxS0nP","template (5)","t0pwOdeoRk","424","章评","小说越长越不好看，特别是还要更新","25","差","评论内容空泛、主观且无具体指向，未提及任何章节情节、人物或细节，缺乏剧情讨论价值；'越长越不好看'属于笼统否定，未说明原因或依据；'特别是还要更新'隐含对作者或更新机制的抱怨，带有消极导向，属于低信息量情绪宣泄，接近灌水范畴。","15","负向","","","","",""
"SddBOxS0nP","template (5)","dq2EJWWwF5","678","段评","极限闸","65","中","‘极限闸’为简短有力的造词式表达，具备一定创意性和概括力，可能意指情节张力拉满、情绪/节奏到达临界点，或角色行为突破常规边界；虽未展开解释，但在网文语境中属常见风格化段评，能引发共鸣，但信息密度和明确性略显不足，属于中等偏上水平的有效互动。","85","正向","","","","",""
"SddBOxS0nP","template (5)","q_BM2xksCn","319","段评","铁马出来给个说法，把境界排出来看下，这境界都多入牛毛了可以在写个5000章估计主角都到不了巅峰","78","中","评论精炼有力，直指网文常见问题（境界体系冗杂、升级拖沓），用‘铁马出来给个说法’带调侃语气增强互动感，‘多入牛毛’‘写5000章都到不了巅峰’为典型网文读者吐槽式表达，信息明确、情绪鲜明，具备较高段评价值。","85","正向","","","","",""
"SddBOxS0nP","template (5)","9c7QAYqt--","326","章评","作者太搞笑了，通城古域规则之力只能承受大圣之力，结果上面下来，高出几个大境下来，搞笑吧，糊弄读者","72","中","评论紧扣章节核心设定（通城古域规则之力上限与强者降临的矛盾），指出逻辑张力并用‘搞笑’‘糊弄读者’表达即时阅读感受，兼具剧情观察、轻度吐槽和互动潜力；虽未展开深度分析，但指向明确、语言鲜活，属于有态度的中高价值章评。","65","中性","","","","",""
"SddBOxS0nP","template (5)","6R4GYtQ7ob","64","章评","这本书中的女人都很让人无语，看见男主就走不动路，非要跟着","45","中","评论表达了对女性角色行为模式的不满，有一定观点但缺乏具体章节情节支撑，未提及任何具体人物、事件或文本细节，属于泛泛而谈的笼统批评；情绪倾向明确但分析浅层，互动性和趣味性弱，接近水评边缘。","25","负向","","","","",""
"SddBOxS0nP","template (5)","od5NL4ZOn4","501","章评","铁马还账","65","中","评论‘铁马还账’为简短玩梗式章评，高度贴合章节中角色‘铁马’相关情节（如债务、承诺、反转等常见设定），具备明确指向性和语境默契，虽无展开分析但趣味性强、互动感足，属于典型高传播性轻量章评，符合社区活跃用户常用表达风格。","85","正向","","","","",""
"SddBOxS0nP","template (5)","4VwJdIUjCW","306","章评","每天二十更二十更才写得快[歪头笑哭]","68","中","评论为趣味性调侃，结合网络流行表情符号[歪头笑哭]，以夸张语气吐槽更新频率，虽无深度剧情分析，但贴合网文读者对更新节奏的普遍关注，具备一定互动感和共鸣基础；属于轻量但有效的章评，略显单薄但非灌水。","85","正向","","","","",""
"SddBOxS0nP","template (5)","ra286e8LS0","421","章评","[小七_高兴]","35","中","内容仅为昵称加情绪标签，无实际剧情讨论、互动或趣味表达，缺乏与章节内容的关联性，属于低信息量水评","85","正向","","","","",""
"SddBOxS0nP","template (5)","J4_4E8-UWG","926","段评","欺骗性很强","75","中","评论精炼有力，明确指出‘欺骗性很强’，表达了对段落内容的强烈质疑或批判态度，信息明确、立场清晰，符合段评即时反馈的特点；虽简短但非水评，具备有效互动价值。","25","负向","","","","",""
"SddBOxS0nP","template (5)","_h-wacMJ-C","1177","章评","“他不仅没死，而且还突破到小圣主三重境了，此子到底是什么妖孽，难道他就没有修炼桎梏吗？”","82","好","评论紧扣章节核心爆点——主角死而复生+越阶突破，用反问句式强化戏剧张力，'妖孽''修炼桎梏'等措辞精准抓住爽文关键情绪锚点，兼具剧情讨论价值与强烈代入感，属于高质量互动型章评。","93","正向","","","","",""
"SddBOxS0nP","template (5)","I5UUQ6XauZ","669","章评","王婆婆的裹脚布，等很久，不闲不淡","72","中","评论运用‘王婆婆的裹脚布’这一经典俗语式比喻，幽默调侃章节节奏拖沓、铺垫冗长，‘等很久，不闲不淡’以反语双关（表面说‘不闲不淡’，实则强调‘又闲又淡’）强化讽刺效果，趣味性强、有网感，贴合读者等待更新的共情场景，具备良好互动潜力；虽无深度剧情分析，但属于高质量情绪化吐槽章评。","65","中性","","","","",""
"SddBOxS0nP","template (5)","Xrvjq1RzWQ","958","段评","你老婆，放个屁都比别人的香。只要是你的都是好的","65","中","内容属于明显夸张式吹捧，语言直白、情绪浓烈，有一定互动性和段落回应感，但逻辑牵强、缺乏具体依据，略带低质土味表达倾向；虽非水评，但信息密度低、思辨性弱，属于中等偏上的情绪化附和型段评。","92","正向","","","","",""
"SddBOxS0nP","template (5)","0X2lE520qg","1423","章评","打怪，套娃","65","中","评论简短但精准捕捉章节核心玩法（打怪）与结构特征（套娃），具备一定概括力和网感，‘套娃’一词隐含对重复机制/剧情嵌套的趣味吐槽，有引发共鸣和互动潜力，属中高价值轻量章评。","75","中性","","","","",""
"SddBOxS0nP","template (5)","GRrwOg0gn3","1409","段评","一点阳刚之气也没，拿着把匕首短刀的阴气森森","82","好","评论精炼有力，用对比手法（阳刚之气 vs 阴气森森）和具象化描写（匕首短刀）精准表达对角色气质或场景氛围的强烈观感，情绪鲜明、观点明确，具备较高互动价值和文学感知力。","25","负向","","","","",""
"SddBOxS0nP","template (5)","XoVqQxh9n-","660","段评","唉，看不下去了","65","中","表达清晰、情绪明确，属于阅读过程中的即时负向反馈，虽简短但传递了放弃阅读的完整意图和原因（内容不适配/质量差），具备基本互动价值；但缺乏具体指向或细节支撑，精炼性有余而信息增量不足。","25","负向","","","","",""
"SddBOxS0nP","template (5)","N0IrGOxXhO","360","章评","主角还没有进入荒古神域，就又开始树立敌人了，哎，能不能稍微顺畅一点","62","中","评论针对章节情节发展节奏提出具体质疑，指出‘主角尚未进入荒古神域就已树敌’这一逻辑/节奏问题，具备基本剧情讨论价值和即时阅读反馈感；语言简洁但意图清晰，属于有思考的中性吐槽，虽无深度分析或趣味玩梗，但非灌水，贴合章节内容。","45","中性","","","","",""
"SddBOxS0nP","template (5)","gkhg22q3wi","445","段评","不能一天多更几章吗？[小七_问号][小七_问号][小七_问号][小七_问号][小七_互关]","65","中","评论表达了读者对更新频率的期待，诉求明确，有一定互动价值；但属于常见催更类水评，缺乏个性化或深度反馈，重复使用多个问号和固定表情略显模板化，精炼性中等，情绪传递直接但表达方式较泛化。","55","中性","","","","",""
"SddBOxS0nP","template (5)","zE2SLWt-Sr","896","段评","哈哈哈哈哈哈哈哈哈","45","中","属于情绪化水评，虽能传达强烈笑点反应，但纯重复‘哈哈’缺乏信息增量与段落关联性，未体现具体触发点或互动价值，精炼性有余而有效性不足","95","正向","","","","",""
"SddBOxS0nP","template (5)","jaANEOaa8n","286","段评","烂书一本 作者把自己都糊涂了还写书呢 阵法不是交给的小胖子吗怎么就成蓝余了呢 什么思路 我看书一来最烂的书  没有之一","72","中","评论内容精炼有力，明确指出情节逻辑硬伤（阵法归属矛盾），并给出强烈主观评价（'最烂的书 没有之一'），体现深度阅读与即时质疑，虽带情绪化表达但基于具体文本细节，互动价值高，符合段评短而准的特征。","15","负向","","","","",""
"SddBOxS0nP","template (5)","4clTi665ZU","1172","章评","柳无邪知道，说多少感谢的话，也不如实实在在的好处，说完从储物戒指中，又拿出一些丹药，品质虽不如红素那枚，却也差不到哪里去。","45","中","该评论仅为对原文一段情节的复述，未体现任何个人见解、分析、情绪反应或互动意图；既无剧情讨论价值，也无趣味性表达或玩梗成分，属于低信息量的中性转述，接近水评但尚能识别出与章节内容相关。","50","中性","","","","",""
"SddBOxS0nP","template (5)","sv6jKpvkml","384","章评","越来越难看","25","差","评论内容极度简短且无具体指向，未提及任何章节情节、人物或细节，缺乏剧情讨论价值和趣味互动性，属于典型负面水评，仅表达笼统不满，无信息量与引导讨论潜力","15","负向","","","","",""
"SddBOxS0nP","template (5)","VkmMVF-Pui","1449","章评","石破天惊","75","中","评论‘石破天惊’虽简短，但高度凝练地表达了对章节关键情节（如重大反转、高能场面或震撼设定）的强烈即时反应，符合章评中常见的高情绪浓度表达习惯；具备明确语境指向性和感染力，易引发共鸣与互动，属于趣味性与节奏感俱佳的有效短评。","92","正向","","","","",""
"SddBOxS0nP","template (5)","jyvh65F1Oy","1271","章评","真墨迹","45","中","评论简短且主观，仅表达阅读过程中的不耐烦情绪，缺乏对具体情节、人物或节奏的分析或描述，无剧情讨论价值，也未体现趣味互动或玩梗意图，属于常见但信息量极低的情绪化水评。","25","负向","","","","",""
"SddBOxS0nP","template (5)","0L_G1Q4iEb","1068","书评","太蠢了写的，脏了眼","15","差","评论内容极度简短、情绪化，无任何具体分析或依据，未涉及情节、人物、主题、文笔等任一书评要素，属于纯粹负面宣泄，表达混乱且缺乏基本逻辑与信息量，质量极差。","10","负向","","","","",""
"SddBOxS0nP","template (5)","jaxDnOwSxp","1631","书评","真的好看，就是更新太少了不够看","55","中","评论内容简短，表达了基本阅读感受（‘真的好看’）和一个具体意见（‘更新太少了不够看’），具备一定真实性和倾向性，但缺乏对书籍情节、人物、主题、文笔等任何维度的具体分析，未体现阅读深度或思考过程，属于典型的情绪化短评，质量处于中等偏下水平。","85","正向","","","","",""
"s4A1euCzIE","婚后-社区评论质量评分-书章段评版","yTpKVFawZV","75","段评","先吐了再说","65","中","表达简短但情绪明确，属于阅读中即时负面反应的典型段评，'先吐了再说'带有夸张修辞和强烈不适感，贴合原文可能引发的荒诞/反胃情境，具备一定互动张力和语境适配性；虽无具体分析，但在段评场景下属于有效的情绪反馈，未达优秀因缺乏细节支撑或独特视角。","20","负向","","","","",""
"s4A1euCzIE","婚后-社区评论质量评分-书章段评版","1Lzb2mFTlK","265","段评","对权势和利益的渴求大于一切，儿子不就是拿来换的么，特别是不受重视的儿子","88","好","评论精炼有力，直击文本核心矛盾，展现出对人物动机与社会逻辑的深刻洞察；用反问句式强化批判性，语言冷峻犀利，情绪张力强，具备高度的思想性与互动价值。","25","负向","","","","",""
"SddBOxS0nP","template (5)","m-M1ceNLAm","153","书评","还是一转世大能，没点自己前世的功法。外门的人都很少打，就是打宗门的人打，进个宗门外门打，内门打，徒弟打不了师傅来打，长老来打。","42","中","评论内容碎片化，缺乏完整句子结构和逻辑连接，仅罗列现象（如‘外门打’‘内门打’‘徒弟打不了师傅来打’），未说明具体书籍、人物或情节依据，无主题分析、价值判断或个人阅读反思；用词口语化且重复（多个‘打’），表达混乱，信息密度低，属于浅层吐槽型灌水，不具备书评应有的分析性与完整性。","35","中性","","","","",""
"SddBOxS0nP","template (5)","WqSAM9M-Q5","558","段评","“是这样的，从今天开始，我们两个负责教导小芊还有石娃的修炼啊！哈哈哈??????????????????????????????????????????????????????????????????????????????????????????????????????????????????????????????????????????????????????????????????????","42","中","内容有基本语义（宣布教学任务并表达开心），但后半部分被超长无意义问号堆砌严重稀释信息密度，属于典型‘水评’——有效信息仅前半句，其余为情绪宣泄式刷屏，破坏可读性与互动价值，精炼性与有效性均差。","88","正向","","","","",""
"SddBOxS0nP","template (5)","TZDMPpckOZ","1239","段评","[二哈][二哈][二哈][二哈][二哈][二哈][小七_斜眼笑]","35","中","纯表情符号堆砌，无文字信息，缺乏具体观点、情绪指向或互动意义；虽有6个[二哈]和1个[小七_斜眼笑]，但重复性强、无节奏变化或语境呼应，属于典型低质水评，仅勉强可识别为轻微调侃倾向，有效性极低。","65","中性","","","","",""
"s4A1euCzIE","婚后-社区评论质量评分-书章段评版","1InSDqVBEH","139","书评","更新太慢了[哭泣]","35","中","评论内容极简，仅为情绪化抱怨，未涉及书籍情节、人物、主题、文笔、结构等任何评价维度，无分析、无例证、无逻辑，属于无效书评；表达虽通顺但信息量为零，不符合书评基本要求。","20","负向","","","","",""
"SddBOxS0nP","template (5)","uwYb78i3Y2","1834","书评","这小说.........，前言不搭后语，想看的人建议不要带脑子进去","25","差","评论内容极简且情绪化，无具体情节、人物或主题分析，未说明为何‘前言不搭后语’，缺乏论证依据；表达混乱（含多余省略号），逻辑断裂，未体现基本评价结构或阅读反思，属于无效批评类灌水评论。","15","负向","","","","",""
"SddBOxS0nP","template (5)","P8mmaW1DpU","610","段评","[小七_高兴][小七_神评][小七_高兴]","25","差","内容为纯自定义表情符号堆砌，无实际文字信息，无法传达具体观点、情绪细节或互动意义，属于无效灌水类段评，缺乏阅读反馈价值。","85","正向","","","","",""
"SddBOxS0nP","template (5)","fzTUfc3IAI","1703","书评","拉完了","5","差","评论内容仅为三个字‘拉完了’，无任何关于书籍内容、人物、情节、主题、文笔或阅读感受的描述或评价，缺乏基本的信息量和表达意图，无法构成有效书评，属于无意义灌水或乱码类文本。","30","中性","","","","",""
"SddBOxS0nP","template (5)","GH5BaSjSN6","1754","章评","看完这本书后最大的收获是：对作者其他作品就没什么期望了。[歪头笑哭]","45","中","评论内容为典型负向水评，缺乏对本章具体情节、人物或写作手法的讨论，仅泛泛表达对作者整体创作水平的失望；虽带[歪头笑哭]表情增加一丝戏谑感，但未形成有效趣味互动或深度解读，信息量低，讨论价值弱。","25","负向","","","","",""
"SddBOxS0nP","template (5)","imvY1Wz11h","19","段评","你不是很屌吗，你也来这句？[歪头笑哭]","82","好","评论精炼有力，具备明确的互动性与情绪张力：前半句以反讽语气复刻原文/前文语境（暗示角色或发言者曾显摆），后半句‘你也来这句？’形成精准戏谑式质疑，配合[歪头笑哭]表情强化调侃而非攻击感，符合段评即时反应特征，信息密度高且情绪饱满。","88","正向","","","","",""
"SddBOxS0nP","template (5)","Mb4jDR4LQU","29","段评","最基本逻辑都不符合:盘口两个都下注稳赚，不亏","78","中","评论精炼有力，直指内容逻辑漏洞，指出‘盘口两个都下注稳赚’这一明显违背博弈基本原理的错误，具备明确批判性与思辨性；虽未展开论证，但在段评场景下已达成有效质疑和观点输出，互动价值较高。","45","中性","","","","",""
"SddBOxS0nP","template (5)","wknX6Q4mX8","57","段评","在柳无邪第一世面前都是娄蚁","78","中","评论精炼有力，用‘蝼蚁’这一强烈对比意象凸显柳无邪第一世的强大或反差感，虽短但信息明确、有观点张力，符合段评即时反应特征；‘娄蚁’疑似‘蝼蚁’的错别字，略影响准确性，但不影响整体表达意图和互动价值。","85","正向","","","","",""
"SddBOxS0nP","template (5)","hAlPDK8yN2","37","段评","有凤凰就有朱雀，青龙，白虎，麒麟等还有","65","中","内容属于中等偏上段评：具备一定知识性与联想性，能基于‘凤凰’自然引出其他神兽，体现阅读联想和文化常识，但句末‘还有’戛然而止，语义未完成，缺乏明确观点、情绪或互动指向，精炼性与有效性略打折扣。","55","中性","","","","",""
"SddBOxS0nP","template (5)","6KrRu_wO_w","24","段评","天枚学院！","65","中","内容简短但明确指向特定名称‘天枚学院’，具备基本指代性和互动意图，可能是对文中提及该学院的即时反应或强调，但缺乏进一步情绪、观点或上下文关联，属于中等偏上水平的有效段评。","55","中性","","","","",""
"SddBOxS0nP","template (5)","QeAw4m3OvA","107","段评","一个薛家已经水了十万字，现在又多一个高家，还有一个于家","82","好","评论精炼有力，信息密度高，准确指出小说中家族支线冗长、节奏拖沓的问题；'水了十万字'是网络化表达，具讽刺张力和读者共识感；'又多一个''还有一个'形成递进式吐槽，体现阅读过程中的即时疲惫感与批判意识，属于高质量段评。","45","中性","","","","",""
"SddBOxS0nP","template (5)","55fBOvoUc5","65","段评","纳兰嫣然","45","中","评论仅包含人名‘纳兰嫣然’，无动词、无情绪词、无上下文关联或评价意图，属于典型的角色指代型水评；虽非乱码或广告，但缺乏基本互动意义和信息增量，未体现阅读反应或观点表达。","50","中性","","","","",""
"SddBOxS0nP","template (5)","4gqi1RT5Lv","73","段评","之前说他到高级仙皇也不是仙帝对手，说一个天一个地，结果呢，吊打巅峰仙帝，现在又这么说，后面还得自己打自己脸","87","好","评论精炼有力，逻辑清晰，准确抓住剧情前后矛盾点（'高级仙皇非仙帝对手' vs '吊打巅峰仙帝'），使用'吊打''打自己脸'等网络化表达增强批判张力，体现深度阅读和即时质疑，具备高互动价值与观点锋芒。","85","正向","","","","",""
"SddBOxS0nP","template (5)","FeZij7I7US","47","段评","无力吐槽","75","中","表达精炼且情绪明确，'无力吐槽'准确传达了面对荒诞/槽点密集内容时的无奈与轻微调侃感，属于有互动价值的典型段评，虽简短但语义完整、符合阅读即时反应。","45","中性","","","","",""
"SddBOxS0nP","template (5)","T2YkcvvHiX","203","段评","妙人","85","好","精炼有力，'妙人'二字高度凝练，准确传达对角色/人物的赞赏与趣味性认可，符合段评即时反应特征，具备明确态度和情绪张力，互动价值高。","92","正向","","","","",""
"SddBOxS0nP","template (5)","hJCtzCdreg","34","段评","你写的书你不知道多少倍？","45","中","评论内容为反问句，带有质疑语气，有一定互动意图，但缺乏具体指向（未说明‘多少倍’指什么：字数、销量、阅读量？），信息不明确，逻辑略显突兀，属于简单情绪表达但有效性较弱，接近水评边缘。","35","中性","","","","",""
"SddBOxS0nP","template (5)","-V8ZhYOAt9","233","章评","又摸鱼混一天，凉开水泡饭[狗头][狗头][狗头]","72","中","评论以轻松幽默的自嘲口吻呼应章节可能呈现的日常感或节奏松弛氛围，'凉开水泡饭'具象又荒诞，搭配三连狗头强化戏谑感，符合章评即时反应特征；虽无深度剧情分析，但趣味性强、互动感足，易引发读者共鸣或接梗互动。","85","正向","","","","",""
"SddBOxS0nP","template (5)","yXlngWvp2r","435","段评","精灵已经不错了，记得后边还有个羽族，返祖后失去记忆变成一只鸟养在内世界","82","好","评论内容精炼有效，信息密度高：准确指出‘精灵’设定的合理性（‘已经不错了’），并自然引出后续关键设定‘羽族’及其返祖设定（失去记忆、化鸟、内世界饲养），体现出对文本世界观的深入理解和连贯性关注，属于有思考的互动型段评。","76","中性","","","","",""
"SddBOxS0nP","template (5)","BcjkF10Wtr","206","章评","俗套的剧情","35","中","评论内容极其简短，仅用‘俗套的剧情’四字表达主观评价，缺乏具体情节指向、分析依据或互动元素；未说明哪部分俗套、与哪些作品雷同、是否影响观感等，信息量低且无讨论价值，属于典型低质水评。","40","中性","","","","",""
"SddBOxS0nP","template (5)","FMUq4A_gMo","275","章评","[小七_打卡][小七_+1]","20","差","纯打卡式灌水，无剧情讨论、无趣味表达、无即时阅读反馈，仅重复使用固定模板符号，缺乏任何与章节内容的关联性或互动价值。","40","中性","","","","",""
"SddBOxS0nP","template (5)","cuNo4jAlP-","222","段评","铁马脑神经失常","35","中","内容为无依据的贬义调侃，缺乏具体指向或合理逻辑，属于情绪化攻击性水评，未体现阅读理解或有效互动，信息无效且易引发负面氛围。","15","负向","","","","",""
"SddBOxS0nP","template (5)","vNftR8OEPt","307","章评","的确看了好几十年了","35","中","内容极其简短，缺乏具体剧情指向、分析或互动元素，'看了好几十年了'明显不符合现实阅读时长，属于无实质信息的调侃式灌水，相关性弱且无讨论价值。","45","中性","","","","",""
"SddBOxS0nP","template (5)","OJaPTtYd-v","63","段评","又套娃，每次都是这样！","78","中","评论精炼有力，用‘又套娃’准确概括情节重复/套路化问题，‘每次都是这样！’强化不满情绪与即时观感，具有明确观点、真实阅读反馈和一定批判性，符合段评短而准的特性。","25","负向","","","","",""
"SddBOxS0nP","template (5)","GGIP82OpC3","322","章评","打个卡","25","差","纯灌水内容，无剧情讨论、无趣味表达、无即时阅读反馈，与章节内容完全无关，属于典型低价值打卡行为","40","中性","","","","",""
"SddBOxS0nP","template (5)","MLO-vmhuX1","120","段评","改叫几把学院吧[神评]","15","差","内容为低俗粗鄙的恶意戏谑，使用侮辱性词汇‘几把’对原文学院名称进行贬损式篡改，无任何建设性、趣味性或情感共鸣价值；[神评]标签与实际内容严重不符，属刻意博眼球的负面水评，违反基本文明表达规范。","5","负向","","","","",""
"SddBOxS0nP","template (5)","kQ7Yk3BFK6","266","章评","又是某长老针对和打宝物主意","62","中","评论简洁但指向明确，抓住了章节中重复出现的典型矛盾点（长老针对主角、觊觎宝物），具备一定剧情观察力和吐槽感，属于有上下文关联的轻度互动型章评；虽无深度分析，但符合读者即时反应习惯，有一定趣味性和共鸣基础。","58","中性","","","","",""
"SddBOxS0nP","template (5)","iNC78HUPnN","249","段评","没屁硬挤","45","中","属于带有主观评价的短评，用网络俚语‘没屁硬挤’表达对内容空洞、强行凑字数的不满，有一定情绪指向和批评意图，但缺乏具体依据或建设性，略显粗粝，互动价值中等偏低。","25","负向","","","","",""
"SddBOxS0nP","template (5)","X7LoKJeG_N","341","段评","混沌精虫没死啊，不是可以钻地吗？人类采不了，精虫可以去啊，小编你又忘记了吗","76","中","评论精炼且具备明确互动性，基于前文设定（混沌精虫、钻地能力、人类采不了）进行逻辑追问和调侃，体现即时阅读反应与轻度玩梗；虽带轻微质疑语气，但非攻击性，符合段评常见风格；‘小编你又忘记了吗’有拟人化互动感，增强参与度。","68","中性","","","","",""
"SddBOxS0nP","template (5)","NTUX8_9K6Q","947","章评","老子是真的服啦。。不是有那个一玄长老吗。。难道被作者杀啦[歪头笑哭][歪头笑哭][歪头笑哭]","78","中","评论紧扣章节情节，针对角色‘一玄长老’的突然消失提出幽默质疑，体现即时阅读反应；使用‘老子是真的服啦’强化情绪张力，配合三个[歪头笑哭]表情增强趣味互动性，具备较强传播力和共鸣感；虽未展开深度分析，但吐槽精准、节奏轻快，属高质量趣味章评。","85","正向","","","","",""
"SddBOxS0nP","template (5)","nYC2b6-9IT","546","段评","[小七_神评]","10","差","内容为空，仅含带方括号的昵称标签'[小七_神评]'，无实际评论信息，无法体现任何观点、情绪或互动价值，属于无效占位符","30","中性","","","","",""
"SddBOxS0nP","template (5)","t4T25mFBW9","89","段评","豆包","20","差","内容为纯名词‘豆包’，无上下文、无情绪表达、无互动意图，无法判断与原文段落的关联性，属于无意义灌水或随意输入，信息量为零。","50","中性","","","","",""
"SddBOxS0nP","template (5)","LlSwsbS-uR","437","段评","真想骟了鸟编","25","差","内容为明显人身攻击与恶意辱骂，使用低俗暴力化表达（'骟了'）指向创作者，违反基本社区文明规范；无任何段落反馈、情绪共鸣或有效互动价值，属于极端负向水评。","10","负向","","","","",""
"SddBOxS0nP","template (5)","JE_6N951g4","614","章评","废话加屁话太多了，","25","差","评论内容极度简短，缺乏具体指向（未说明哪部分是废话/屁话）、无剧情分析、无互动趣味性，属于典型负面情绪灌水，信息量趋近于零，且未体现阅读理解或真实反应细节。","15","负向","","","","",""
"SddBOxS0nP","template (5)","RF7y49BI7I","762","段评","萨摩耶剑术","65","中","内容简短但具备一定创意性和趣味性，将‘萨摩耶’（萌系犬种）与‘剑术’（冷峻武技）强行组合，形成反差萌式表达，属于轻度玩梗类段评；虽无上下文支撑略显突兀，但并非纯水评，有一定互动意图和记忆点。","82","正向","","","","",""
"SddBOxS0nP","template (5)","K4-79d3qzg","407","段评","铁马非姨所思是什么意思？你姨想不到难道你姨夫也想不到吗[呲牙]","78","中","评论精炼且具互动性，以幽默反问方式解构原文‘铁马非姨所思’的谐音梗（‘铁马冰河入梦来’化用+‘姨’代‘意’），并延伸调侃‘姨夫’，体现即时阅读反应和文字敏感度；虽带网络表情[呲牙]，但非灌水，有明确语义指向和轻喜剧效果。","85","正向","","","","",""
"SddBOxS0nP","template (5)","VX76RWSIj-","345","章评","这是小说还是八卦段子？不过，也有这么写的。传奇满足好奇心，好奇心里有野性原欲。","76","中","评论具有明确的文学性思考和心理层面解读，将文本风格与读者心理（好奇心、野性原欲）关联，体现出对叙事功能与接受机制的敏锐感知；虽略显抽象，但并非空泛吐槽，而是以质疑切入，带出深层阅读反应，具备启发性和讨论延展性。","72","中性","","","","",""
"SddBOxS0nP","template (5)","-FlQwBu9GJ","613","章评","罗里吧嗦一大堆","35","中","评论内容极其简短且缺乏具体指向，'罗里吧嗦一大堆'属于笼统负面评价，未说明针对哪部分内容、为何冗长、有无影响阅读体验等，无剧情讨论价值，也无趣味互动性或即时反应细节，属于典型低信息量水评。","25","负向","","","","",""
"SddBOxS0nP","template (5)","oGJxL6naYC","518","章评","铁马还账","65","中","评论‘铁马还账’为高度凝练的玩梗式章评，精准指向章节关键情节（铁马角色履行承诺/偿还人情），具备强语境关联性和读者圈内共识基础；虽简短但信息明确、趣味十足，符合网文社区高频互动习惯，有引发共鸣和接梗讨论的潜力。","85","正向","","","","",""
"SddBOxS0nP","template (5)","qfcjrO-QL5","349","章评","[歪头笑哭][歪头笑哭]","68","中","评论为两个表情符号[歪头笑哭]，虽无文字内容，但该表情在网文社区中高频用于表达对剧情反转、角色反差或沙雕桥段的强烈共鸣与趣味性认可，具备即时反应真实感和良好互动潜力；属于简短但语境明确的优质情绪反馈，略缺剧情讨论深度，故未达良好以上。","85","正向","","","","",""
"SddBOxS0nP","template (5)","jqkb6KNp-b","429","章评","[小七_高兴]","30","中","内容仅为昵称加情绪标签，无实际评论信息，未涉及剧情、人物或章节内容，缺乏讨论价值和互动性，属于极简水评","85","正向","","","","",""
"SddBOxS0nP","template (5)","AKkdLmEbIV","996","段评","犹如丧家之犬","75","中","表达精炼有力，使用成语‘丧家之犬’进行形象化比喻，具有明确的贬义指向和情绪张力，符合段评即时反应特点；虽无主语和上下文，但在阅读场景中能有效传递对某角色/情节的强烈负面评价，互动意图清晰。","20","负向","","","","",""
"s4A1euCzIE","婚后-社区评论质量评分-书章段评版","n1Khafdv0O","10","章评","这章看得人心跳加速！希望他们可以相爱相知地走完后面的路[哭泣]","82","好","评论紧扣章节阅读体验，用'心跳加速'生动传达紧张/心动的情绪反应，具有强即时感和代入感；后半句表达对角色关系发展的真挚期待与情感投射，'相爱相知地走完后面的路'体现对人物成长与情感逻辑的认可，兼具温度与叙事理解，虽简短但情绪饱满、互动性强。","92","正向","","","","",""
