"task_id","task_name","sample_source","comment_type","comment_content","current_quality_score","current_quality_level","current_quality_reason","current_emotion_score","current_emotion_type","issue_type","platform_review","v3_target_quality_band","v3_target_emotion_type","prompt_rule_hint"
"bnx2KtM1ia","评论打分测试02","latest","书评","内容跟简介不一样，女主不强，男女主都不长嘴，纯纯为了虐而虐，我不知道是什么让我看完的，整体一般","55","中","质量中等。书评指出了具体的缺点（剧情与简介不符、人物塑造单薄、情节刻意虐心），具有一定的观点针对性，但分析较为浅显，缺乏对具体情节或人物逻辑的深入展开，整体篇幅较短，属于典型的简评。","40","中性","书评元数据罗列","书籍信息罗列不能替代阅读评价，缺少作品判断和推荐理由","30-49","中性","书评高分需要作品整体判断、具体优缺点和阅读价值"
"bnx2KtM1ia","评论打分测试02","latest","书评","挺不错的，我还没有看完，目前是看到332章，先说一下总体吧，从剧情上来看，大部分剧情带感，恐怖元素设计的很成功，然后故事逻辑比较通顺，节奏比较舒缓适中吧，像文章中介绍的各种匠术之类的，非常有特色，代入感很强，但是我觉得这个剧情的转折有点千篇一律了，每次写不下去都是洛小阳又遇到什么鬼啊之类的一开始还好看，久了就比较生硬了无聊了；再从语言特色来看，这本书方言比较多，比较接地气，个人觉得还能接受；人物形象大部分设计的很鲜明，像张哈子，凌降一类人设计的都很好，人物的情感设计很强烈，像人物动作呀，语言呀这些细节挺到位，很立体；但是主角洛小阳感觉有些强行降智了，有时候看着会不太舒服，女主凌降存在感过低，感觉笔墨全去塑造张哈子了(当然还有很多洛小阳犯蠢情节也挺多)，但是从我看到这里总体下来是非常值得一看的(晚上看更带劲哦，嘻嘻😁)","78","中","质量良好。书评内容较为丰富，涵盖了剧情节奏、恐怖元素、语言特色及人物塑造等多个维度。优点分析具体（如提到匠术特色、配角张哈子形象鲜明），缺点指出明确（剧情转折套路化、主角降智、女主边缘化）。逻辑结构清晰，先总后分，最后总结。不足之处在于部分观点缺乏具体情节引用的深度支撑，且带有明显的“未看完”的主观局限性，但整体仍具有较好的参考价值和表达清晰度。","75","中性","负向吐槽情绪偏高","反问、粗口、吐槽和质疑表达的是负向或中性偏负，不应因互动感判正向","50-79 视信息量","负向 或 中性","情绪分只判断表达情绪，不受互动强度加成"
"bnx2KtM1ia","评论打分测试02","latest","书评","一部真实而精彩的知青下乡文学作品！
作者本人就有十几年的知青下乡经历，书中提及的各种细节，无一不是本人亲身经历。因而文章显得真挚感人！","55","中","质量中等。评论虽然指出了书籍的真实性与作者经历这一核心亮点，并表达了正面评价，但内容较为简短，缺乏对具体情节、人物塑造或主题深度的详细分析。属于有观点但不够深入的短评，符合中等分数区间标准。","85","正向","书评元数据罗列","书籍信息罗列不能替代阅读评价，缺少作品判断和推荐理由","30-49","正向","书评高分需要作品整体判断、具体优缺点和阅读价值"
"bnx2KtM1ia","评论打分测试02","latest","书评","七猫标签打错了，杀伐果断搁哪呢。换个后宫标签就行","35","中","质量差。内容极其简短，仅针对平台标签错误提出抱怨，未涉及书籍情节、人物、主题等任何实质性书评内容，缺乏分析深度和完整性，属于无效或低质量评论。","35","中性","书评元数据罗列","书籍信息罗列不能替代阅读评价，缺少作品判断和推荐理由","30-49","中性","书评高分需要作品整体判断、具体优缺点和阅读价值"
"bnx2KtM1ia","评论打分测试02","latest","书评","才刚刚看到第二章，就被作者的构思和文笔以及作品的年代感深深打动。我小的时候在西北一个县城，那里也有一个大厂，是个兵工厂。那里的人们也像西铁城里的人一样，操着在县城人听来无比洋气的东北话，穿着最时髦的衣服，骑着厂子自己生产的自行车，拎四个喇叭的收录机，每个周末都开舞会…厂子就像一个小社会，医院学校幼儿园澡堂食堂供销社，一应俱全。那时候，谁要是跟厂子弟交朋友，就格外有面儿。要是有幸嫁娶了厂子弟，就更是如同鸡犬升天…后来改革开放国企改革，厂子先是衰败，然后搬走并入了首钢。我也在它由盛而衰的时候考上大学离开了故乡。这部小说一下子把我带回往昔，带回曾经无数次怀着新鲜激动的心情迈入那个大厂的少年时光，真的太亲切太惹人共鸣了！","75","中","质量良好。书评虽然篇幅较短且仅阅读至第二章，但情感真挚，通过将书中场景与个人童年记忆（西北大厂经历）进行深度关联，展现了较强的共情能力和背景分析。内容具有一定的独特性和感染力，逻辑连贯，表达流畅。但由于缺乏对书籍具体情节、人物塑造或主题思想的深入剖析，更多停留在感性共鸣层面，因此未达到优秀（85+）的标准。","90","正向","书评元数据罗列","书籍信息罗列不能替代阅读评价，缺少作品判断和推荐理由","30-49","正向","书评高分需要作品整体判断、具体优缺点和阅读价值"
"bnx2KtM1ia","评论打分测试02","latest","书评","卫道士和正人君子绕道，本书不是给正经人看的，作者每时每刻都在开车，大量女性描写，应该是跟作者本人一样的。","45","中","质量较差。书评内容极其简略，缺乏对书籍情节、人物、主题等核心要素的具体分析。虽然指出了书籍的风格特点（如‘开车’、女性描写），但表述带有强烈的主观偏见和潜在的不尊重意味（‘不是给正经人看的’），且未提供具体的阅读体验或优劣评价依据，属于空洞且带有攻击性的短评，不符合高质量书评的标准。","35","中性","书评元数据罗列","书籍信息罗列不能替代阅读评价，缺少作品判断和推荐理由","30-49","中性","书评高分需要作品整体判断、具体优缺点和阅读价值"
"bnx2KtM1ia","评论打分测试02","latest","书评","书名《快穿之皇后强制好孕》
作者: 大怡吃小怡
标签【女主快穿，脑洞，皇后】
推荐指数⭐⭐⭐

女主瓜晚意  绑定系统: 小晚意   系统任务:  完成生子以及攒够足够的能量，否则会在小世界强制生！直到吐籽为止！

一共描写了个小世界
①绝美可怜王妃X无嗣摄政王•沈寂
②清冷佛子重生帝X热烈如火女将军

💦💦💦每次看到女主名字都有点出戏

一刷 2026.6.16","45","中","质量差，内容极其简单空洞。文本主要仅为书籍元数据（书名、作者、标签）和情节简介的罗列，缺乏对书籍情节的具体分析、人物性格探讨或主题思想的反思。虽然提到了一个微小的个人感受（名字出戏），但整体缺乏深度和逻辑论证，不符合书评应有的分析性要求，属于简单的信息堆砌。","55","中性","书评元数据罗列","书籍信息罗列不能替代阅读评价，缺少作品判断和推荐理由","30-49","中性","书评高分需要作品整体判断、具体优缺点和阅读价值"
"bnx2KtM1ia","评论打分测试02","latest","书评","书名《快穿:变美后，我赢麻了》
作者: 萨琳娜
标签【快穿，基建，轻松，逆袭，女皇】
推荐指数🌟🌟🌟🌟

女主 顾倾城•大长公主       绑定系统   祸水      系统任务:  进入到那些由话本子衍生出来的世界里，帮许愿人完成夙愿

一共描写了23个小世界
①重生大嫂的绝美小姑子［古代］
②纨绔世子的假千金夫人［古代］
③恶毒继母化身名媛［民国］
④男主的菟丝花极品亲娘［架空古代］
⑤孤身带娃的九级大拿［年代］
⑥犯蠢小白花对照组变女神［古早霸总文］
⑦女穿男•软饭皇子［古代］
⑧暴力呆萌千年女尸［玄学修炼］
⑨开局被噶的末世圣母［末世空间种田文］
⑩敏感灰姑娘和她的纯爱巨豪老公［豪门］
⑪精通多种外语的末代公主［架空民国］
……
♥♥♥前面还行，主要是回归本世界建设构思不错
💦💦💦后面的没看

一刷 2026.6.16 阅至Ch.651","45","中","质量较差。内容主要为书籍元数据（标签、作者）和大量世界列表的堆砌，缺乏实质性的阅读体验分享。虽然提到了“前面还行”和“建设构思不错”，但评价极其简略且主观，未涉及情节分析、人物塑造或主题探讨，逻辑性弱，不符合书评应有的深度和完整性。","75","中性","书评元数据罗列","书籍信息罗列不能替代阅读评价，缺少作品判断和推荐理由","30-49","中性","书评高分需要作品整体判断、具体优缺点和阅读价值"
"bnx2KtM1ia","评论打分测试02","latest","书评","书名《快穿:变美后，我赢麻了》
作者: 萨琳娜
标签【快穿，基建，轻松，逆袭，女皇】
推荐指数🌟🌟🌟🌟

女主 顾倾城•大长公主       绑定系统   祸水      系统任务:  进入到那些由话本子衍生出来的世界里，帮许愿人完成夙愿

一共描写了23个小世界
①重生大嫂的绝美小姑子［古代］
②纨绔世子的假千金夫人［古代］
③恶毒继母化身名媛［民国］
④男主的菟丝花极品亲娘［架空古代］
⑤孤身带娃的九级大拿［年代］
⑥犯蠢小白花对照组变女神［古早霸总文］
⑦女穿男•软饭皇子［古代］
⑧暴力呆萌千年女尸［玄学修炼］
⑨开局被噶的末世圣母［末世空间种田文］
⑩敏感灰姑娘和她的纯爱巨豪老公［豪门］
⑪精通多种外语的末代公主［架空民国］
……
♥♥♥前面还行，主要是回归本世界建设构思不错
💦💦💦后面的没看

一刷 2026.6.16 阅至Ch.651","45","中","质量较差。内容主要为书籍元数据（标签、作者）和大量世界列表的堆砌，缺乏实质性的阅读体验分享。虽然提到了“前面还行”和“建设构思不错”，但评价极其简略且主观，未涉及情节分析、人物塑造或主题探讨，逻辑性弱，不符合书评应有的深度和完整性。","75","中性","负向吐槽情绪偏高","反问、粗口、吐槽和质疑表达的是负向或中性偏负，不应因互动感判正向","中","负向 或 中性","情绪分只判断表达情绪，不受互动强度加成"
"bnx2KtM1ia","评论打分测试02","latest","书评","很差很差很差 无法言说 作者是上个世纪的吧 浪费时间！！！","25","差","质量极差，内容完全空洞且无意义。文本仅由重复的负面词汇和情绪化宣泄组成，缺乏任何具体的情节分析、人物讨论或逻辑论证，不符合书评的基本规范，属于无效灌水内容。","15","负向","书评元数据罗列","书籍信息罗列不能替代阅读评价，缺少作品判断和推荐理由","30-49","负向","书评高分需要作品整体判断、具体优缺点和阅读价值"
"bnx2KtM1ia","评论打分测试02","latest","书评","看到进长安城看不下去了，作者玩大话西游的吧？","35","中","质量差。内容极其简短且空洞，仅包含一句反问和未完成的陈述（“看到进长安城看不下去了”），缺乏对书籍情节、人物或主题的具体分析与讨论。虽然表达了不满，但未提供有理有据的论证，不符合书评的基本完整性要求，属于低质量的情绪化宣泄。","25","负向","书评元数据罗列","书籍信息罗列不能替代阅读评价，缺少作品判断和推荐理由","30-49","负向","书评高分需要作品整体判断、具体优缺点和阅读价值"
"bnx2KtM1ia","评论打分测试02","latest","书评","该说不说，真挺好，作者真是个文化人。","55","中","质量中等。内容极其简短，仅表达了主观的喜爱之情和对作者身份的模糊评价（'文化人'），缺乏对书籍情节、人物或主题的具体分析，无深度见解，符合简单评价的特征。","75","中性","书评元数据罗列","书籍信息罗列不能替代阅读评价，缺少作品判断和推荐理由","30-49","中性","书评高分需要作品整体判断、具体优缺点和阅读价值"
"bnx2KtM1ia","评论打分测试02","latest","书评","最近书荒，随手点开了醉卧九重云的《网游：我和怪物的一万种死法》，结果一不小心就陷进去了。现在每天最期待的事，就是刷新看看老秦又整出了什么新活儿，这连载追得简直让人上头！

这书的设定简直长在我的笑点上。主角秦风顶着全服唯一的封测玩家光环回到正式服，明明是个满级大佬，却偏要装萌新。看着他那群不知情的室友和队友天天瞎操心，还试图保护他这个“菜鸟”，最后被他的逆天操作惊掉下巴，这种“无形装逼”的桥段真的百看不厌。

而且书名起得太灵性了！主角为了刷特殊成就或者单纯搞事，总能用各种离谱的姿势送人头，什么被野猪拱、掉进粪坑之类的，堂堂榜一大神惨死在奇怪的地方，反差感直接拉满，每次看到都让我笑到捶床。

作者的文笔很幽默，完全没有那种苦大仇深的憋屈套路。目前追下来的体验就是轻松解压，万族争霸和兽潮的场面也写得挺热血。如果你最近也想找一本不费脑子、全程姨母笑的网游爽文，赶紧去入坑吧ꉂ(ˊᗜˋ*)","78","中","质量良好。书评结构清晰，逻辑连贯，涵盖了设定、情节亮点（反差萌、搞笑死亡）、文笔风格及推荐理由。内容具体，引用了主角行为、室友反应等细节，论证有力。虽然分析深度主要集中在阅读体验和爽点归纳，对主题思想挖掘稍浅，但作为网文书评已属优秀，表达流畅且极具感染力。","92","正向","负向吐槽情绪偏高","反问、粗口、吐槽和质疑表达的是负向或中性偏负，不应因互动感判正向","50-79 视信息量","负向 或 中性","情绪分只判断表达情绪，不受互动强度加成"
"bnx2KtM1ia","评论打分测试02","latest","章评","打卡","10","差","极差：纯灌水内容，无任何剧情讨论、趣味表达或情感价值，属于典型的无意义打卡行为","50","中性","章评占楼灌水","占楼、打卡、脚印类内容不讨论章节，不提供社区阅读价值","0-29","中性","章评必须围绕章节剧情、角色、节奏或伏笔展开"
"bnx2KtM1ia","评论打分测试02","latest","章评","有沙发🛋️🛋️🛋️🛋️🛋️
在来个板凳🪑🪑🪑🪑🪑
最后留下一串脚印👣👣👣👣👣","15","差","质量极差，属于典型的纯灌水内容。评论仅包含‘抢沙发’、‘坐板凳’等无实质意义的占楼行为及重复表情符号，没有任何剧情讨论、情感表达或趣味互动价值，完全符合低分段的定义。","50","中性","章评占楼灌水","占楼、打卡、脚印类内容不讨论章节，不提供社区阅读价值","0-29","中性","章评必须围绕章节剧情、角色、节奏或伏笔展开"
"bnx2KtM1ia","评论打分测试02","latest","章评","👣","10","差","极差：纯灌水。内容仅为单个表情符号，无任何文字信息，不具备剧情讨论价值、趣味互动性或情感表达，属于典型的无意义水评。","50","中性","章评占楼灌水","占楼、打卡、脚印类内容不讨论章节，不提供社区阅读价值","0-29","中性","章评必须围绕章节剧情、角色、节奏或伏笔展开"
"bnx2KtM1ia","评论打分测试02","latest","章评","只能说王俭一直在闭关修行，没有见过人心险恶，自以为是，说话做事全凭喜好，以为自己年轻一辈中全天下第一","72","中","质量良好。评论针对角色王俭的性格缺陷（天真、自以为是）进行了具体的人物分析和行为动机解读，指出了其“闭关修行”背景与“缺乏社会经验”之间的逻辑联系。内容具有一定的剧情讨论价值和深度，非简单的情绪宣泄，符合良好档次的标准。","45","中性","章评占楼灌水","占楼、打卡、脚印类内容不讨论章节，不提供社区阅读价值","0-29","中性","章评必须围绕章节剧情、角色、节奏或伏笔展开"
"bnx2KtM1ia","评论打分测试02","latest","章评","票全给你了，精彩刺激。好书不多了，希望作者不要烂尾。作者幸苦了","72","中","质量良好。评论表达了对内容的认可（'精彩刺激'、'好书'）和实际支持行为（'票全给你了'），体现了较高的读者忠诚度和互动价值。虽然'不要烂尾'属于常见担忧，但整体情感正向且真诚，符合'轻度正向'至'良好'的评分标准。","85","正向","负向吐槽情绪偏高","反问、粗口、吐槽和质疑表达的是负向或中性偏负，不应因互动感判正向","50-79 视信息量","负向 或 中性","情绪分只判断表达情绪，不受互动强度加成"
"bnx2KtM1ia","评论打分测试02","latest","段评","哈哈 再看一次","72","中","质量良好。内容精炼，'哈哈'表达了即时的愉悦情绪，'再看一次'体现了对内容的高度认可和重读意愿，互动价值较高，符合段评简短有力的特点。","82","正向","段评短泛评高分","短泛评可以表达情绪，但缺少明确对象和信息增量，不应进入高质量","30-49 或 50-69","正向","段评短文本高分必须有明确对象、判断或高信息密度"
"bnx2KtM1ia","评论打分测试02","latest","段评","？？？","35","中","质量差。纯符号堆砌，虽然表达了疑惑或震惊的情绪，但缺乏具体信息量，属于低质量的水评，仅能传达基本的情绪反应而无实质互动内容。","50","中性","优质短评误杀风险","短评若包含具体疑问、判断或修辞张力，应保留中高分空间","70-79","中性","段评不能按长度一刀切，关键看对象清楚和信息密度"
"bnx2KtM1ia","评论打分测试02","latest","段评","就这格局，能成什么大事？","68","中","质量中等偏上。内容简短有力，直接表达了强烈的质疑和失望情绪，信息密度高，没有废话。虽然缺乏具体语境支撑，但作为段评，其互动性和情绪传达非常清晰，属于有效的即时反馈，但相比更具共鸣或幽默感的评论，深度略显不足。","15","负向","优质短评误杀风险","短评若包含具体疑问、判断或修辞张力，应保留中高分空间","70-79","负向","段评不能按长度一刀切，关键看对象清楚和信息密度"
"bnx2KtM1ia","评论打分测试02","latest","段评","不是姓施吗","55","中","质量中等。这是一句基于文本细节的疑问或纠错，具有明确的指向性和互动意图。虽然内容简短，但并非无意义灌水，体现了读者对情节或人物设定的关注。由于缺乏更多上下文来确认其精准度或情感深度，故给予中等偏上的分数。","55","中性","优质短评误杀风险","短评若包含具体疑问、判断或修辞张力，应保留中高分空间","70-79","中性","段评不能按长度一刀切，关键看对象清楚和信息密度"
"bnx2KtM1ia","评论打分测试02","latest","段评","挖矿工？","55","中","质量中等。内容为一个简短的疑问句，表达了读者对文中人物身份或情节设定的即时疑惑或确认。虽然信息量较少，但属于有效的阅读互动，并非无意义灌水，符合段评简短直接的特点，但缺乏更深层次的情感共鸣或观点输出。","50","中性","优质短评误杀风险","短评若包含具体疑问、判断或修辞张力，应保留中高分空间","70-79","中性","段评不能按长度一刀切，关键看对象清楚和信息密度"
"bnx2KtM1ia","评论打分测试02","latest","段评","哈哈！终于！","75","中","质量良好。内容简短但情绪饱满，‘哈哈’表达愉悦，‘终于’传达出期待已久后的释然或兴奋，具有明确的即时互动价值和情感指向，非无意义水评。","88","正向","段评短泛评高分","短泛评可以表达情绪，但缺少明确对象和信息增量，不应进入高质量","30-49 或 50-69","正向","段评短文本高分必须有明确对象、判断或高信息密度"
"bnx2KtM1ia","评论打分测试02","latest","段评","哈哈好可爱","72","中","质量良好，内容精炼且情感表达直接。'哈哈'体现了真实的即时情绪反应，'好可爱'明确表达了对内容的喜爱和正向反馈，属于有效的互动评论，虽无深度分析但符合段评的即时性特征。","88","正向","段评短泛评高分","短泛评可以表达情绪，但缺少明确对象和信息增量，不应进入高质量","30-49 或 50-69","正向","段评短文本高分必须有明确对象、判断或高信息密度"
"bnx2KtM1ia","评论打分测试02","latest","段评","外面那么多地方，不能派他去吗？","55","中","质量中等。内容为一个具体的疑问句，表达了读者对剧情安排或角色行为的困惑/不满，具有一定的互动性和逻辑指向性。虽然表达较为直白，缺乏深度分析或强烈的情感共鸣，但并非无意义的水评，属于正常的阅读反馈。","45","中性","优质短评误杀风险","短评若包含具体疑问、判断或修辞张力，应保留中高分空间","70-79","中性","段评不能按长度一刀切，关键看对象清楚和信息密度"
"bnx2KtM1ia","评论打分测试02","latest","段评","均？匀？咋个不说清楚？","45","中","质量较差。内容带有明显的抱怨和质疑语气，使用了反问句式表达不满。虽然表达了读者对文本描述不清的困惑，但属于较为负面的情绪宣泄，缺乏建设性或趣味性，互动价值较低，且用词略显粗俗（咋个），符合轻度负向但内容空洞的特征。","35","中性","优质短评误杀风险","短评若包含具体疑问、判断或修辞张力，应保留中高分空间","70-79","中性","段评不能按长度一刀切，关键看对象清楚和信息密度"
"bnx2KtM1ia","评论打分测试02","latest","段评","三匹马够了吗？","55","中","质量中等。该评论为一句简短的疑问句，属于典型的即时性互动。虽然字数极少，但表达了具体的关注点（对‘三匹马’这一数量或能力的质疑/好奇），具有一定的信息密度和互动意图，并非无意义的水评。但由于缺乏上下文支撑，无法判断其幽默感或深度，仅作为基础互动评价，故给予中等偏下的分数。","55","中性","优质短评误杀风险","短评若包含具体疑问、判断或修辞张力，应保留中高分空间","70-79","中性","段评不能按长度一刀切，关键看对象清楚和信息密度"
"bnx2KtM1ia","评论打分测试02","latest","段评","这不是那本毒士的情节吗","55","中","质量中等。内容属于典型的阅读联想型评论，指出了当前情节与另一部作品（《毒士》）的相似性。虽然信息明确，但作为段评，它更多是陈述一个事实或疑问，缺乏对当前段落独特性的深度解读或强烈的情感共鸣，互动价值一般。","50","中性","优质短评误杀风险","短评若包含具体疑问、判断或修辞张力，应保留中高分空间","70-79","中性","段评不能按长度一刀切，关键看对象清楚和信息密度"
"bnx2KtM1ia","评论打分测试02","latest","段评","不是去打仗了吗？","68","中","质量中等偏上。该评论为典型的即时性疑问互动，虽然简短，但具有明确的信息指向性（对剧情逻辑或人物行为的质疑）。它不是无意义的水评，而是读者在阅读过程中产生的真实困惑，能有效引发作者或其他读者的解释与讨论，符合段评‘即时反应’和‘有效互动’的特征。","55","中性","优质短评误杀风险","短评若包含具体疑问、判断或修辞张力，应保留中高分空间","70-79","中性","段评不能按长度一刀切，关键看对象清楚和信息密度"
"bnx2KtM1ia","评论打分测试02","latest","段评","就这个爽 前面几个还有人在评论，骂我们女主baby 我真的都快被气笑了 终于要有反转了，让前面那些人遭受别人反击，默默哭去吧哈哈哈","88","好","质量优秀，内容精炼且信息密度高。评论清晰表达了从‘被气笑’到‘期待反转’的情绪转变，逻辑连贯（对比前文骂女主 vs 当前爽感），具有强烈的互动性和共鸣感，精准捕捉了读者对于剧情反转的期待心理，非水评。","95","正向","负向吐槽情绪偏高","反问、粗口、吐槽和质疑表达的是负向或中性偏负，不应因互动感判正向","50-79 视信息量","负向 或 中性","情绪分只判断表达情绪，不受互动强度加成"
"bnx2KtM1ia","评论打分测试02","latest","段评","不是分宗了吗  怎么还搅合在一起","68","中","质量中等。评论指出了剧情逻辑上的潜在矛盾（分宗后仍纠缠），属于有效的阅读反馈和疑问互动。表达清晰直接，信息密度尚可，但缺乏深度的分析或独特的情感共鸣，属于常规的剧情探讨。","55","中性","优质短评误杀风险","短评若包含具体疑问、判断或修辞张力，应保留中高分空间","70-79","中性","段评不能按长度一刀切，关键看对象清楚和信息密度"
"bnx2KtM1ia","评论打分测试02","latest","段评","你是说100个核弹吗？","65","中","质量中等。这是一句基于上下文的具体疑问或确认，信息明确，具有一定的互动性。但由于缺乏具体的段落背景，单看文本略显单薄，属于常见的剧情讨论类评论，未体现极高的精炼智慧或独特的情感共鸣，故给中等分数。","50","中性","优质短评误杀风险","短评若包含具体疑问、判断或修辞张力，应保留中高分空间","70-79","中性","段评不能按长度一刀切，关键看对象清楚和信息密度"
"bnx2KtM1ia","评论打分测试02","latest","段评","这样？","45","中","质量较差，属于低信息密度的疑问式互动。虽然表达了阅读过程中的即时反应（确认或质疑），但内容极其简略，缺乏具体的情感指向或观点支撑，互动价值有限，介于无效水评和简单互动之间。","50","中性","优质短评误杀风险","短评若包含具体疑问、判断或修辞张力，应保留中高分空间","70-79","中性","段评不能按长度一刀切，关键看对象清楚和信息密度"
"bnx2KtM1ia","评论打分测试02","latest","段评","有情况？！","68","中","质量中等。内容简短有力，使用了问号和感叹号增强了语气，表达了明显的惊讶、好奇或警觉情绪。虽然信息密度不高，但作为段评，它有效地传递了读者对当前情节发展的即时反应，具有互动性和悬念感，符合段评‘即时情绪反应’的特点，故给予中等偏上分数。","75","中性","优质短评误杀风险","短评若包含具体疑问、判断或修辞张力，应保留中高分空间","70-79","中性","段评不能按长度一刀切，关键看对象清楚和信息密度"
"bnx2KtM1ia","评论打分测试02","latest","段评","？！！","35","中","质量较差。内容仅由标点符号组成，缺乏实质信息，属于典型的无效互动或凑数水评。虽然能表达惊讶或疑惑的情绪，但信息密度极低，无法提供有效的阅读反馈或互动价值，符合‘表面简短但实质无意义’的特征，故给予低分。","55","中性","优质短评误杀风险","短评若包含具体疑问、判断或修辞张力，应保留中高分空间","70-79","中性","段评不能按长度一刀切，关键看对象清楚和信息密度"
"bnx2KtM1ia","评论打分测试02","latest","段评","？纳尼呗和谐了？","65","中","质量中等。内容简短直接，明确表达了对‘和谐’（内容被删除或屏蔽）这一现象的惊讶与疑惑。虽然缺乏深度分析，但作为即时反馈，信息传递清晰，属于有效的互动表达，非纯水评。","55","中性","优质短评误杀风险","短评若包含具体疑问、判断或修辞张力，应保留中高分空间","70-79","中性","段评不能按长度一刀切，关键看对象清楚和信息密度"
